Order ID,Order Date,Region,Product Category,Sales Channel,Customer Segment,Quantity,Unit Price,Discount %,Revenue,Profit,Delivery Days,Returned,Customer Rating
ORD-10001,2024-11-27,North,Furniture,Retail Store,Small Business,13,587.59,0,7638.67,-389.58,9,No,
ORD-10002,2024-03-29,West,Apparel,Online,Small Business,14,67.52,0,945.28,-17.11,4,No,5
ORD-10003,2025-08-19,South,Electronics,Online,Small Business,19,529.06,0,10052.14,3510.55,5,No,1
ORD-10004,2025-07-07,South,Electronics,Online,Small Business,19,281.09,20,4272.57,878.45,4,No,
ORD-10005,2025-07-14,West,Electronics,Partner,Small Business,19,58.34,0,1108.46,148.31,6,No,4
ORD-10006,2025-04-09,South,Groceries,Online,Small Business,10,227.34,0,2273.4,159.42,8,No,5
ORD-10007,2025-04-04,West,Groceries,Online,Corporate,20,882.26,0,17645.2,-70.72,8,No,
ORD-10008,2024-03-20,East,Toys,Retail Store,Small Business,19,711.24,20,10810.85,1028.0,8,No,3
ORD-10009,2024-03-11,North,Electronics,Online,Small Business,9,429.32,15,3284.3,889.21,11,No,5
ORD-10010,2025-04-01,East,Groceries,Online,Corporate,23,350.28,15,N/A,669.27,10,No,3
ORD-10011,2024-03-01,South,Furniture,Retail Store,Corporate,25,262.25,15,5572.81,2108.8,8,No,1
ORD-10012,2025-04-04,West,Apparel,Partner,Corporate,18,253.67,0,4566.06,1247.44,6,No,3
ORD-10013,2024-08-24,  north ,Furniture,Online,Corporate,3,162.71,0,488.13,163.79,3,No,2
ORD-10014,2024-01-05,East,Furniture,Online,Small Business,14,483.46,10,6091.6,2129.63,10,No,5
ORD-10015,2024-02-25,West,Apparel,Retail Store,Corporate,25,856.94,15,18209.97,2131.66,8,No,3
ORD-10016,2024-03-04,South,Furniture,Online,Corporate,3,886.28,5,2525.9,556.62,2,No,4
ORD-10017,2024-06-03,North,Toys,Online,Consumer,4,854.31,10,3075.52,698.25,3,No,2
ORD-10018,2024-12-21,West,Toys,Retail Store,Corporate,12,429.37,0,5152.44,834.27,2,No,
ORD-10019,2024-12-16,North,Groceries,Online,Small Business,16,746.83,0,11949.28,1205.4,12,No,
ORD-10020,2025-06-24,East,Groceries,Partner,Corporate,21,777.68,15,13881.59,5193.51,6,No,4
ORD-10021,2025-07-08,South,Toys,Online,Corporate,11,574.62,10,5688.74,1649.37,4,No,4
ORD-10022,2025-05-19,East,Groceries,Retail Store,Corporate,24,30.94,0,742.56,12.49,10,No,3
ORD-10023,2024-12-23,West,Groceries,Online,Corporate,3,202.31,0,606.93,13.47,10,No,
ORD-10024,2025-05-05,North,Groceries,Retail Store,Small Business,21,80.88,15,1443.71,426.0,8,No,3
ORD-10025,2024-12-06,North,Electronics,Partner,Consumer,24,359.28,5,8191.58,40.97,3,No,1
ORD-10026,2025-08-27,West,Apparel,Partner,Corporate,21,135.83,20,2281.94,-4.66,9,No,
ORD-10027,2024-01-15,West,Electronics,Online,Consumer,17,675.8,0,11488.6,-758.28,4,No,4
ORD-10028,2024-09-03,South,Toys,Online,Small Business,11,237.13,5,2478.01,240.1,8,No,4
ORD-10029,2025-06-13,North,Apparel,Retail Store,Consumer,17,122.03,0,2074.51,465.27,13,No,1
ORD-10030,2024-05-24,North,Apparel,Retail Store,Small Business,20,654.05,10,11772.9,2109.4,9,No,
ORD-10031,2025-07-27,North,Electronics,Partner,Corporate,8,176.22,0,1409.76,283.17,13,No,3
ORD-10032,2024-11-29,East,Toys,Retail Store,Small Business,17,547.49,0,9307.33,1737.15,8,No,1
ORD-10033,2025-06-19,West,Groceries,Online,Corporate,18,804.02,0,14472.36,-277.71,8,No,
ORD-10034,2024-09-03,North,Apparel,Online,Small Business,3,195.36,0,586.08,141.67,6,No,2
ORD-10035,2024-05-20,West,Apparel,Retail Store,Consumer,8,673.28,0,5386.24,2234.94,14,No,1
ORD-10036,2025-03-17,East,Toys,Retail Store,Consumer,13,308.51,0,4010.63,1127.29,1,No,4
ORD-10037,2025-04-14,East,Apparel,Partner,Consumer,23,21.18,0,487.14,-11.48,13,No,
ORD-10038,2024-03-27,South,Groceries,Retail Store,Consumer,9,40.43,20,291.1,96.03,14,No,2
ORD-10039,2025-02-19,West,Furniture,Partner,Corporate,18,827.66,10,13408.09,-472.89,1,Yes,1
ORD-10040,2025-03-11,North,Electronics,Retail Store,Consumer,9,844.82,15,6462.87,1448.26,4,No,2
ORD-10041,2024-05-04,West,Apparel,Retail Store,Small Business,1,308.54,10,277.69,-4.27,9,Yes,1
ORD-10042,2024-04-22,East,Furniture,Partner,Corporate,9,50.09,0,450.81,83.64,4,No,3
ORD-10043,2025-05-27,East,Furniture,Online,Consumer,9,315.57,0,2840.13,-201.03,9,No,1
ORD-10044,2025-06-10,West,Apparel,Partner,Corporate,8,841.51,0,6732.08,1298.98,7,No,2
ORD-10045,2024-08-08,South,Furniture,Retail Store,Corporate,11,182.77,15,1708.9,702.26,14,No,
ORD-10046,2024-03-13,West,Groceries,Partner,Small Business,14,151.11,0,2115.54,857.78,10,No,5
ORD-10047,2024-10-27,West,Electronics,Online,Corporate,15,170.89,0,2563.35,261.64,6,No,2
ORD-10048,2024-09-07,North,Electronics,Retail Store,Corporate,10,199.99,0,1999.9,-76.11,5,No,5
ORD-10049,2024-07-24,East,Furniture,Online,Consumer,17,699.73,0,11895.41,1424.54,1,No,
ORD-10050,2024-11-02,South,Groceries,Partner,Small Business,21,213.36,10,4032.5,1258.22,10,No,2
ORD-10051,2025-05-21,South,Furniture,Online,Small Business,10,653.12,15,5551.52,2031.7,11,No,5
ORD-10052,2025-06-01,North,Furniture,Partner,Small Business,17,678.82,10,10385.95,3312.95,12,No,5
ORD-10053,2024-08-23,East,Electronics,Online,Corporate,1,42.47,15,36.1,12.2,9,No,5
ORD-10054,2024-01-20,North,Toys,Retail Store,Consumer,22,223.88,0,4925.36,1448.71,9,No,
ORD-10055,2025-06-22,North,Electronics,Retail Store,Consumer,24,664.43,0,15946.32,4539.4,4,No,5
ORD-10056,2025-04-16,East,Apparel,Online,Small Business,13,73.68,15,814.16,192.46,4,No,4
ORD-10057,2024-05-30,East,Groceries,Partner,Small Business,9,588.12,15,4499.12,-59.75,8,No,3
ORD-10058,2024-10-02,East,Electronics,Partner,Small Business,23,199.84,5,4366.5,274.09,8,No,
ORD-10059,2025-07-16,North,Furniture,Retail Store,Corporate,10,880.42,5,8363.99,-349.35,9,No,2
ORD-10060,2025-01-31,South,Furniture,Partner,Small Business,7,71.78,0,502.46,25.58,6,No,4
ORD-10061,2025-06-04,West,Groceries,Retail Store,Corporate,4,634.49,0,2537.96,-171.52,1,No,5
ORD-10062,2025-04-06,East,Apparel,Retail Store,Corporate,10,655.83,5,6230.39,-121.77,6,No,2
ORD-10063,2024-12-12,North,Apparel,Partner,Corporate,4,846.19,0,3384.76,157.75,2,No,3
ORD-10064,2025-08-26,East,Electronics,Online,Corporate,12,833.25,20,7999.2,-233.14,14,No,2
ORD-10065,2024-06-01,South,Furniture,Retail Store,Corporate,9,395.44,0,3558.96,1288.82,13,No,3
ORD-10066,2025-07-21,West,Toys,Retail Store,Small Business,7,649.02,0,4543.14,1346.29,11,No,3
ORD-10067,2024-02-20,East,Toys,Retail Store,Corporate,5,157.83,5,749.69,35.89,12,No,2
ORD-10068,2025-02-19,West,Furniture,Online,Consumer,10,437.45,15,3718.32,898.36,2,No,4
ORD-10069,2025-05-24,West,Toys,Retail Store,Consumer,8,410.42,0,3283.36,636.62,4,No,1
ORD-10070,2024-12-16,East,Toys,Partner,Consumer,3,290.76,0,872.28,317.18,12,No,3
ORD-10071,2025-02-27,North,Toys,Retail Store,Corporate,7,342.29,0,2396.03,496.31,6,No,5
ORD-10072,2025-05-30,South,Toys,Online,Corporate,21,712.33,20,11967.14,4408.64,7,No,5
ORD-10073,2025-04-01,North,Apparel,Online,Consumer,10,764.57,20,6116.56,811.06,13,No,4
ORD-10074,2025-05-16,West,Electronics,Retail Store,Consumer,3,355.41,20,852.98,265.75,4,No,1
ORD-10075,2025-06-18,West,Electronics,Online,Small Business,24,632.4,20,12142.08,3744.99,1,No,1
ORD-10076,2025-08-06,East,Electronics,Partner,Small Business,21,644.94,0,13543.74,1878.72,13,No,
ORD-10077,2024-03-13,West,Groceries,Retail Store,Consumer,17,849.47,0,14440.99,4552.43,1,No,4
ORD-10078,2024-11-04,South,Apparel,Retail Store,Small Business,9,863.25,15,6603.86,246.88,4,No,3
ORD-10079,2024-11-10,West,Electronics,Online,Corporate,1,178.73,15,151.92,5.15,7,No,1
ORD-10080,2025-05-19,East,Electronics,Partner,Corporate,23,307.56,5,6720.19,127.95,13,No,5
ORD-10081,2025-05-31,East,Electronics,Online,Consumer,7,448.65,0,3140.55,479.11,5,No,
ORD-10082,2025-09-30,West,Apparel,Retail Store,Small Business,20,172.65,0,3453.0,-178.84,10,No,3
ORD-10083,2024-02-25,West,Furniture,Online,Small Business,1,876.84,0,876.84,-43.78,7,No,5
ORD-10084,2024-11-17,South,Electronics,Online,Small Business,3,838.78,0,2516.34,976.19,12,No,
ORD-10085,2024-11-15,South,Apparel,Online,Consumer,12,886.56,5,10106.78,-413.15,2,No,3
ORD-10086,2024-05-06,East,Toys,Retail Store,Consumer,25,190.63,0,4765.75,-263.89,8,No,2
ORD-10087,2025-07-08,West,Apparel,Online,Small Business,7,294.36,15,1751.44,219.63,13,No,3
ORD-10088,2024-02-11,North,Apparel,Retail Store,Consumer,2,420.33,20,672.53,197.48,10,No,2
ORD-10089,2024-10-05,East,Groceries,Retail Store,Corporate,20,44.01,15,748.17,-58.44,13,No,5
ORD-10090,2024-03-07,West,Electronics,Retail Store,Corporate,8,101.0,15,686.8,258.77,14,No,1
ORD-10091,2025-05-23,East,Furniture,Partner,Consumer,1,723.3,15,614.8,137.49,6,No,3
ORD-10092,2025-01-05,South,Toys,Online,Corporate,3,463.14,5,1319.95,-62.87,1,No,4
ORD-10093,2025-07-11,North,Groceries,Retail Store,Small Business,6,882.33,0,5293.98,-200.95,2,No,3
ORD-10094,2025-04-02,South,Furniture,Partner,Small Business,8,123.97,5,942.17,323.63,11,No,2
ORD-10095,2024-10-27,East,Groceries,Online,Corporate,19,244.56,0,4646.64,203.13,4,No,1
ORD-10096,2024-10-15,East,Toys,Online,Small Business,7,297.07,5,1975.52,361.83,11,No,5
ORD-10097,2025-04-20,South,Electronics,Retail Store,Corporate,4,9.02,20,28.86,-1.73,5,No,
ORD-10098,2024-02-21,South,Furniture,Online,Corporate,20,875.8,10,15764.4,2779.81,3,No,4
ORD-10099,2024-09-23,East,Electronics,Online,Consumer,4,575.52,15,1956.77,204.2,3,No,1
ORD-10100,2024-09-18,North,Electronics,Retail Store,Corporate,20,660.34,0,13206.8,3422.67,3,No,2
ORD-10101,2024-03-20,West,Furniture,Online,Corporate,2,716.78,10,1290.2,-37.81,7,No,4
ORD-10102,2024-06-07,East,Toys,Retail Store,Corporate,3,589.49,5,1680.05,426.57,7,No,2
ORD-10103,2025-08-03,East,Groceries,Partner,Consumer,14,377.72,20,4230.46,488.05,7,No,
ORD-10104,2025-03-20,West,Furniture,Partner,Corporate,14,106.62,0,1492.68,224.58,3,No,
ORD-10105,2024-02-22,North,Toys,Partner,Small Business,5,578.4,5,2747.4,1053.94,12,No,1
ORD-10106,2024-05-29,North,Groceries,Online,Corporate,10,149.82,0,1498.2,247.58,13,No,2
ORD-10107,2024-05-09,West,Electronics,Online,Small Business,16,286.5,10,4125.6,949.6,14,No,5
ORD-10108,2024-08-15,West,Toys,Online,Small Business,13,555.18,0,7217.34,209.8,7,No,1
ORD-10109,2025-01-27,South,Groceries,Online,Small Business,4,138.77,15,471.82,161.01,11,No,5
ORD-10110,2024-11-27,East,Electronics,Partner,Corporate,13,541.57,10,6336.37,469.56,4,No,3
ORD-10111,2025-01-11,North,Apparel,Partner,Corporate,17,397.33,0,6754.61,1031.0,8,No,3
ORD-10112,2024-07-02,East,Apparel,Retail Store,Corporate,13,100.83,0,1310.79,-44.75,8,No,4
ORD-10113,2024-02-11,East,Electronics,Partner,Small Business,21,121.59,15,2170.38,-86.85,13,No,3
ORD-10114,2024-05-19,North,Electronics,Online,Consumer,3,896.53,15,2286.15,939.3,8,No,1
ORD-10115,2024-08-14,South,Electronics,Retail Store,Small Business,12,551.35,0,6616.2,380.41,14,No,1
ORD-10116,2024-09-17,South,Toys,Retail Store,Corporate,16,191.45,0,3063.2,-188.64,3,No,1
ORD-10117,2024-10-11,East,Groceries,Online,Small Business,13,156.02,20,1622.61,-90.4,14,No,3
ORD-10118,2025-07-22,East,Toys,Partner,Small Business,19,621.41,0,11806.79,4112.3,12,No,2
ORD-10119,2025-01-19,North,Groceries,Retail Store,Consumer,19,135.84,0,2580.96,21.62,12,No,2
ORD-10120,2025-06-12,East,Groceries,Partner,Consumer,10,577.12,20,4616.96,1355.35,4,No,2
ORD-10121,2025-09-22,South,Apparel,Retail Store,Consumer,14,463.85,0,6493.9,1469.31,1,No,
ORD-10122,2024-01-03,East,Toys,Partner,Consumer,12,276.85,10,2989.98,378.59,5,No,1
ORD-10123,2024-07-28,South,Groceries,Online,Consumer,20,746.48,0,14929.6,4086.77,8,No,
ORD-10124,2024-05-28,North,Groceries,Partner,Small Business,13,731.36,0,9507.68,3483.03,10,No,4
ORD-10125,2025-03-30,South,Toys,Online,Consumer,17,661.5,0,11245.5,-553.68,1,No,1
ORD-10126,2024-08-31,North,Furniture,Partner,Small Business,2,821.01,0,1642.02,407.88,4,No,3
ORD-10127,2024-07-23,West,Toys,Partner,Consumer,20,580.21,15,9863.57,1719.1,2,No,5
ORD-10128,2024-02-19,West,Apparel,Partner,Corporate,23,486.87,5,10638.11,-422.98,11,No,1
ORD-10129,2024-08-19,North,Electronics,Retail Store,Small Business,9,212.91,0,1916.19,733.11,14,No,5
ORD-10130,2024-02-23,East,Groceries,Retail Store,Small Business,21,500.64,5,9987.77,3838.15,4,No,4
ORD-10131,2024-01-16,South,Furniture,Online,Small Business,9,814.71,20,5865.91,2214.26,4,No,2
ORD-10132,2025-09-07,West,Furniture,Retail Store,Small Business,13,817.27,15,9030.83,2427.57,14,No,3
ORD-10133,2024-08-27,North,Toys,Partner,Consumer,10,711.34,5,6757.73,-52.05,1,No,
ORD-10134,2025-09-28,North,Furniture,Online,Consumer,12,879.78,15,8973.76,-96.91,11,No,
ORD-10135,2024-03-10,East,Electronics,Online,Small Business,3,771.57,20,1851.77,677.08,2,Yes,3
ORD-10136,2024-04-19,North,Furniture,Partner,Consumer,7,186.83,0,1307.81,434.89,11,No,2
ORD-10137,2025-05-03,South,Electronics,Retail Store,Corporate,5,92.59,20,370.36,32.69,5,No,2
ORD-10138,2024-09-19,East,Groceries,Partner,Small Business,2,645.61,0,1291.22,204.07,5,No,5
ORD-10139,2024-02-01,North,Apparel,Retail Store,Corporate,1,395.62,20,316.5,86.19,9,No,1
ORD-10140,2024-04-03,South,Toys,Retail Store,Consumer,10,157.48,0,1574.8,-122.55,8,No,3
ORD-10141,2024-07-07,East,Apparel,Partner,Consumer,19,315.73,20,4799.1,296.9,4,Yes,1
ORD-10142,2025-05-25,North,Furniture,Retail Store,Small Business,4,845.15,20,2704.48,542.59,2,No,2
ORD-10143,2024-12-30,North,Electronics,Retail Store,Small Business,13,836.01,15,9237.91,-622.76,4,No,2
ORD-10144,2025-03-14,South,Toys,Retail Store,Consumer,17,158.14,15,2285.12,424.51,13,Yes,4
ORD-10145,2024-02-04,West,Groceries,Partner,Small Business,19,297.36,0,5649.84,1644.07,3,No,3
ORD-10146,2024-09-20,South,Toys,Partner,Consumer,8,117.82,5,895.43,48.12,13,Yes,4
ORD-10147,2024-06-07,East,Furniture,Online,Consumer,8,652.23,10,4696.06,394.65,4,No,5
ORD-10148,2024-04-14,South,Furniture,Online,Corporate,22,95.97,5,2005.77,574.95,7,No,1
ORD-10149,2024-04-21,West,Electronics,Online,Consumer,9,189.77,5,1622.53,193.91,13,No,5
ORD-10150,2024-08-15,South,Toys,Retail Store,Small Business,21,270.11,0,5672.31,1639.98,1,Yes,1
ORD-10151,2025-03-16,South,Toys,Partner,Small Business,19,675.44,5,12191.69,3002.11,13,No,5
ORD-10152,2025-08-20,West,Furniture,Retail Store,Corporate,22,167.45,0,3683.9,183.84,12,No,3
ORD-10153,2024-09-05,East,Apparel,Retail Store,Corporate,23,642.81,0,14784.63,2182.17,10,No,4
ORD-10154,2024-07-06,West,Groceries,Online,Consumer,25,14.52,20,290.4,13.25,4,No,5
ORD-10155,2024-07-23,West,Toys,Partner,Consumer,12,95.47,10,1031.08,287.31,9,No,5
ORD-10156,2025-01-13,South,Toys,Partner,Consumer,11,372.26,5,3890.12,452.21,13,No,5
ORD-10157,2025-09-20,West,Groceries,Retail Store,Consumer,21,55.67,0,1169.07,-85.75,7,No,5
ORD-10158,2024-12-26,West,Toys,Partner,Consumer,9,102.79,0,925.11,385.88,7,No,1
ORD-10159,2024-06-17,South,Furniture,Retail Store,Small Business,25,66.66,20,1333.2,268.01,4,No,2
ORD-10160,2025-02-27,South,Apparel,Retail Store,Corporate,10,685.1,15,5823.35,1815.7,4,No,5
ORD-10161,2025-01-20,North,Groceries,Partner,Corporate,14,612.54,5,8146.78,806.44,11,No,2
ORD-10162,2025-05-06,East,Apparel,Online,Corporate,14,562.91,0,7880.74,2736.37,1,No,4
ORD-10163,2024-11-28,North,Furniture,Partner,Consumer,17,749.04,15,10823.63,269.23,2,No,2
ORD-10164,2024-09-13,South,Toys,Online,Corporate,4,522.75,20,1672.8,155.94,3,No,3
ORD-10165,2025-07-01,North,Furniture,Partner,Small Business,20,802.57,10,14446.26,4536.66,14,No,1
ORD-10166,2025-05-21,West,Furniture,Partner,Consumer,17,75.36,20,1024.9,202.45,5,No,1
ORD-10167,2024-05-22,West,Apparel,Online,Small Business,16,503.7,5,7656.24,1268.53,8,No,4
ORD-10168,2025-09-05,West,Electronics,Partner,Corporate,6,757.49,5,4317.69,1469.24,6,No,3
ORD-10169,2024-03-18,North,Furniture,Online,Small Business,21,327.54,15,5846.59,-333.63,12,No,
ORD-10170,2025-06-06,North,Apparel,Online,Small Business,16,682.67,0,10922.72,1395.88,3,No,
ORD-10171,2025-01-09,South,Groceries,Retail Store,Corporate,16,701.78,10,10105.63,919.39,5,No,
ORD-10172,2024-10-23,East,Groceries,Partner,Corporate,12,745.82,5,8502.35,3030.94,6,No,5
ORD-10173,2025-05-19,East,Electronics,Online,Small Business,11,177.12,15,1656.07,672.99,2,No,3
ORD-10174,2025-07-21,East,Apparel,Online,Consumer,18,518.77,5,8870.97,-503.89,14,No,4
ORD-10175,2024-03-02,South,Toys,Partner,Small Business,18,552.51,10,8950.66,2400.58,10,No,
ORD-10176,2024-08-05,South,Electronics,Online,Small Business,22,572.06,15,10697.52,113.92,1,No,
ORD-10177,2024-01-14,East,Groceries,Retail Store,Consumer,5,708.95,10,3190.28,417.58,6,No,3
ORD-10178,2025-08-02,North,Toys,Online,Corporate,2,450.5,10,810.9,168.39,7,No,
ORD-10179,2024-01-15,South,Apparel,Retail Store,Corporate,20,534.81,15,9091.77,1767.46,2,No,3
ORD-10180,2024-08-05,North,Furniture,Partner,Small Business,21,18.9,0,396.9,-7.61,14,No,1
ORD-10181,2024-05-04,South,Furniture,Retail Store,Small Business,16,20.91,15,284.38,83.07,1,No,5
ORD-10182,2024-05-28,West,Electronics,Retail Store,Small Business,10,567.62,15,4824.77,1863.2,5,No,5
ORD-10183,2024-02-02,North,Electronics,Retail Store,Corporate,2,18.18,15,30.91,2.36,10,No,3
ORD-10184,2025-09-15,West,Electronics,Retail Store,Small Business,11,333.97,10,3306.3,10.7,13,No,2
ORD-10185,2024-06-16,West,Apparel,Retail Store,Small Business,16,350.24,20,4483.07,389.77,5,No,4
ORD-10186,2025-09-06,South,Groceries,Partner,Corporate,20,654.51,0,13090.2,2779.5,4,No,3
ORD-10187,2025-01-20,West,Toys,Retail Store,Small Business,25,807.02,20,16140.4,-1277.63,5,No,3
ORD-10188,2024-06-10,East,Toys,Online,Small Business,25,799.25,0,19981.25,-129.89,14,No,5
ORD-10189,2025-05-26,West,Groceries,Retail Store,Consumer,18,81.13,10,1314.31,412.49,12,No,2
ORD-10190,2025-09-13,South,Electronics,Retail Store,Small Business,22,358.97,15,6712.74,1984.06,13,No,3
ORD-10191,2025-07-07,North,Electronics,Online,Corporate,18,726.88,20,10467.07,2195.94,5,No,2
ORD-10192,2025-05-03,South,Toys,Online,Consumer,19,185.67,0,3527.73,1139.22,5,No,4
ORD-10193,2025-07-31,South,Groceries,Online,Consumer,13,702.78,20,7308.91,2786.95,8,No,
ORD-10194,2025-01-15,North,Apparel,Retail Store,Corporate,3,144.76,10,390.85,70.25,1,No,
ORD-10195,2024-07-28,East,Toys,Retail Store,Corporate,16,530.11,0,8481.76,-266.72,8,No,4
ORD-10196,2024-05-14,West,Groceries,Online,Consumer,2,308.26,0,616.52,-33.6,9,No,5
ORD-10197,2025-04-14,West,Apparel,Online,Small Business,3,777.36,15,1982.27,792.21,5,No,4
ORD-10198,2024-08-26,West,Electronics,Online,Corporate,22,458.32,0,10083.04,4062.3,12,No,1
ORD-10199,2024-02-09,North,Groceries,Online,Corporate,12,58.05,10,626.94,196.35,12,Yes,5
ORD-10200,2025-05-10,North,Electronics,Online,Small Business,4,134.59,20,430.69,126.67,10,No,3
ORD-10201,2024-04-17,North,Apparel,Retail Store,Corporate,11,337.66,5,3528.55,387.52,8,No,1
ORD-10202,2024-01-13,North,Apparel,Online,Consumer,23,821.77,20,15120.57,-621.56,10,No,5
ORD-10203,2024-05-23,North,Apparel,Partner,Consumer,4,833.72,5,3168.14,463.08,6,No,1
ORD-10204,2025-05-03,South,Electronics,Partner,Consumer,21,332.6,0,6984.6,70.68,8,No,1
ORD-10205,2025-03-25,South,Furniture,Online,Corporate,9,379.35,0,3414.15,701.59,5,No,1
ORD-10206,2024-09-23,North,Apparel,Online,Small Business,4,289.67,5,1100.75,-56.77,13,No,1
ORD-10207,2025-07-27,South,Apparel,Retail Store,Corporate,10,111.67,20,893.36,371.2,4,No,
ORD-10208,2025-02-03,East,Groceries,Online,Small Business,14,807.1,0,11299.4,-813.4,13,No,2
ORD-10209,2025-06-07,East,Furniture,Online,Corporate,15,6.72,20,80.64,11.1,7,No,2
ORD-10210,2025-08-08,South,Furniture,Partner,Consumer,5,759.82,10,3419.19,62.76,2,No,4
ORD-10211,2025-05-22,South,Groceries,Partner,Corporate,6,189.4,10,1022.76,21.63,2,Yes,5
ORD-10212,2025-06-16,East,Apparel,Retail Store,Corporate,24,825.04,10,17820.86,6076.09,14,No,
ORD-10213,2024-01-16,East,Apparel,Online,Consumer,25,431.57,20,8631.4,1739.78,6,No,1
ORD-10214,2025-01-15,West,Toys,Partner,Consumer,20,772.98,0,15459.6,-303.22,12,No,2
ORD-10215,2025-01-25,North,Toys,Partner,Corporate,25,808.75,0,20218.75,2895.72,1,No,4
ORD-10216,2024-05-17,South,Electronics,Online,Consumer,8,870.85,0,6966.8,529.17,9,No,
ORD-10217,2024-04-08,West,Furniture,Partner,Consumer,9,20.83,10,168.72,45.78,2,No,
ORD-10218,2024-07-02,East,Electronics,Online,Consumer,9,115.13,5,984.36,-18.93,3,No,4
ORD-10219,2024-08-20,West,Furniture,Online,Consumer,5,603.55,5,2866.86,1114.61,7,Yes,3
ORD-10220,2025-09-03,East,Toys,Retail Store,Corporate,17,37.41,0,635.97,25.56,6,Yes,3
ORD-10221,2025-07-31,East,Groceries,Partner,Consumer,13,763.63,0,9927.19,3960.26,6,No,3
ORD-10222,2024-01-12,East,Groceries,Retail Store,Consumer,4,480.06,0,1920.24,331.03,1,No,1
ORD-10223,2025-03-06,North,Apparel,Online,Consumer,25,897.77,5,21322.04,7522.49,10,No,5
ORD-10224,2025-09-30,North,Groceries,Retail Store,Consumer,21,490.32,0,10296.72,1854.98,7,No,
ORD-10225,2024-10-21,North,Electronics,Online,Small Business,10,316.06,0,3160.6,1262.79,9,No,
ORD-10226,2025-04-22,North,Toys,Partner,Consumer,18,839.07,5,14348.1,5202.55,7,No,2
ORD-10227,2024-10-07,East,Furniture,Retail Store,Small Business,24,83.62,10,1806.19,483.01,4,No,3
ORD-10228,2024-07-25,East,Toys,Partner,Corporate,23,333.3,10,6899.31,1065.82,5,No,1
ORD-10229,2024-12-07,West,Furniture,Online,Corporate,7,463.64,5,3083.21,3.54,4,No,4
ORD-10230,2024-11-29,East,Apparel,Online,Consumer,9,259.91,0,2339.19,-1.68,2,No,2
ORD-10231,2025-03-26,East,Electronics,Partner,Consumer,17,352.16,5,5687.38,1026.37,11,Yes,1
ORD-10232,2025-03-02,South,Groceries,Partner,Small Business,22,320.45,15,5992.41,2067.36,14,No,
ORD-10233,2025-05-01,South,Groceries,Retail Store,Consumer,21,639.15,15,11408.83,-888.04,13,No,4
ORD-10234,2024-04-30,South,Apparel,Retail Store,Corporate,13,866.65,10,10139.8,3613.63,10,No,3
ORD-10235,2025-04-08,East,Apparel,Retail Store,Small Business,10,652.14,0,6521.4,1289.12,7,No,2
ORD-10236,2024-01-07,East,Apparel,Online,Corporate,13,402.41,0,5231.33,1086.63,10,No,
ORD-10237,2024-12-04,South,Groceries,Retail Store,Consumer,20,755.15,0,15103.0,-1015.11,5,No,3
ORD-10238,2024-11-03,West,Toys,Partner,Small Business,25,284.61,10,6403.73,1815.83,7,No,3
ORD-10239,2025-01-01,North,Electronics,Partner,Consumer,20,610.22,5,11594.18,2117.38,2,No,2
ORD-10240,2025-05-27,South,Apparel,Online,Corporate,21,507.4,10,9589.86,1566.57,8,No,4
ORD-10241,2024-12-17,East,Toys,Retail Store,Corporate,24,735.22,0,17645.28,7220.68,14,No,4
ORD-10242,2024-06-28,East,Electronics,Partner,Corporate,21,805.59,15,14379.78,3387.17,9,No,4
ORD-10243,2024-07-31,North,Toys,Retail Store,Small Business,7,373.97,0,2617.79,1091.29,11,Yes,
ORD-10244,2025-02-25,North,Electronics,Retail Store,Corporate,1,279.53,15,237.6,81.04,10,No,5
ORD-10245,2024-01-31,East,Furniture,Partner,Small Business,6,450.59,10,2433.19,431.08,3,No,1
ORD-10246,2025-02-24,North,Toys,Online,Consumer,4,135.09,10,486.32,-20.39,9,No,3
ORD-10247,2025-09-19,East,Apparel,Online,Small Business,2,586.84,15,997.63,39.04,5,No,
ORD-10248,2024-09-30,West,Electronics,Partner,Corporate,19,61.41,0,1166.79,-81.94,4,No,4
ORD-10249,2024-02-14,South,Apparel,Online,Consumer,2,560.06,0,1120.12,431.71,14,No,2
ORD-10250,2024-01-07,West,Apparel,Online,Consumer,10,379.45,0,3794.5,981.41,11,Yes,4
ORD-10251,2024-08-14,West,Apparel,Online,Consumer,10,361.75,15,3074.88,-111.52,3,No,3
ORD-10252,2024-07-10,North,Electronics,Retail Store,Small Business,10,359.44,0,3594.4,1278.68,6,No,5
ORD-10253,2024-03-08,South,Electronics,Retail Store,Consumer,14,744.11,0,10417.54,1599.16,6,No,3
ORD-10254,2024-02-05,South,Groceries,Online,Small Business,22,27.63,20,486.29,-7.33,4,No,4
ORD-10255,2024-05-10,South,Toys,Online,Corporate,15,423.01,20,5076.12,489.64,12,No,3
ORD-10256,2025-08-17,South,Furniture,Online,Corporate,10,856.09,10,7704.81,1985.15,12,No,4
ORD-10257,2025-03-26,South,Toys,Online,Consumer,12,483.52,5,5512.13,1427.24,2,No,2
ORD-10258,2025-01-29,East,Electronics,Online,Corporate,22,647.81,0,14251.82,3924.27,12,No,1
ORD-10259,2024-11-24,East,Furniture,Partner,Corporate,22,802.73,0,17660.06,289.84,12,No,
ORD-10260,2024-08-19,East,Groceries,Retail Store,Corporate,5,736.06,5,3496.28,1196.36,8,No,5
ORD-10261,2024-05-15,East,Groceries,Retail Store,Consumer,6,31.47,15,160.5,40.05,12,No,1
ORD-10262,2025-02-14,North,Groceries,Retail Store,Small Business,21,92.44,0,1941.24,557.19,12,No,
ORD-10263,2025-02-18,East,Electronics,Online,Corporate,20,150.0,0,3000.0,867.49,9,No,5
ORD-10264,2024-07-02,East,Toys,Retail Store,Small Business,8,515.3,15,3504.04,918.63,6,No,
ORD-10265,2024-10-20,South,Electronics,Partner,Consumer,19,548.61,0,10423.59,-640.37,6,No,2
ORD-10266,2024-03-29,South,Apparel,Retail Store,Small Business,23,670.82,15,13114.53,-459.44,7,No,2
ORD-10267,2025-05-30,South,Apparel,Retail Store,Small Business,17,53.6,15,774.52,136.27,13,No,3
ORD-10268,2024-07-12,East,Electronics,Online,Small Business,23,743.53,10,15391.07,28.44,13,No,1
ORD-10269,2025-07-10,East,Groceries,Retail Store,Corporate,8,867.43,0,6939.44,-234.07,11,No,1
ORD-10270,2024-05-19,South,Apparel,Online,Small Business,22,437.09,15,8173.58,2172.23,3,No,2
ORD-10271,2024-11-02,South,Furniture,Retail Store,Small Business,23,131.99,10,2732.19,895.33,9,No,1
ORD-10272,2024-06-07,South,Toys,Online,Small Business,15,756.34,5,10777.84,697.0,6,No,1
ORD-10273,2024-02-14,East,Electronics,Retail Store,Consumer,9,276.99,0,2492.91,1.64,8,No,4
ORD-10274,2025-01-06,North,Groceries,Retail Store,Corporate,6,503.99,0,3023.94,-114.95,12,No,5
ORD-10275,2025-07-31,West,Groceries,Online,Small Business,4,582.37,5,2213.01,179.05,6,No,5
ORD-10276,2024-10-19,South,Toys,Online,Consumer,24,589.08,0,14137.92,4152.65,1,No,1
ORD-10277,2024-10-30,South,Groceries,Online,Small Business,6,866.01,10,4676.45,1567.53,12,No,2
ORD-10278,2025-01-23,South,Furniture,Retail Store,Consumer,21,743.67,0,15617.07,3054.19,6,No,1
ORD-10279,2024-02-29,West,Electronics,Online,Consumer,4,512.35,15,1741.99,291.24,8,Yes,1
ORD-10280,2024-11-02,South,Toys,Online,Consumer,19,565.71,0,10748.49,1521.92,7,No,
ORD-10281,2025-03-26,North,Apparel,Online,Small Business,7,200.36,0,1402.52,487.61,13,No,3
ORD-10282,2024-05-26,West,Groceries,Retail Store,Consumer,3,597.15,10,1612.3,224.67,11,No,5
ORD-10283,2024-06-17,East,Apparel,Partner,Consumer,10,8.75,20,70.0,10.81,9,No,4
ORD-10284,2025-04-16,South,Apparel,Retail Store,Small Business,18,818.29,20,11783.38,2709.41,13,No,5
ORD-10285,2024-12-05,West,Toys,Retail Store,Corporate,22,270.85,10,5362.83,1331.32,3,No,2
ORD-10286,2025-06-27,West,Electronics,Partner,Consumer,7,204.12,15,1214.51,-7.94,10,No,4
ORD-10287,2025-08-17,West,Apparel,Retail Store,Corporate,12,479.33,10,5176.76,-118.41,3,No,4
ORD-10288,2024-04-24,East,Furniture,Partner,Corporate,9,586.46,0,5278.14,176.79,8,No,4
ORD-10289,2025-08-09,North,Electronics,Retail Store,Small Business,24,464.3,10,10028.88,-433.88,8,No,4
ORD-10290,2025-07-17,North,Toys,Retail Store,Small Business,23,755.5,0,17376.5,2015.35,3,No,4
ORD-10291,2025-05-01,North,Electronics,Retail Store,Consumer,5,339.16,10,1526.22,-86.06,1,No,5
ORD-10292,2025-08-31,South,Furniture,Retail Store,Consumer,15,273.44,15,3486.36,803.9,14,No,4
ORD-10293,2024-04-27,East,Groceries,Partner,Small Business,6,333.45,20,1600.56,-118.72,5,No,1
ORD-10294,2025-01-16,West,Toys,Online,Small Business,24,474.61,0,11390.64,1101.72,6,No,2
ORD-10295,2025-09-09,South,Electronics,Retail Store,Corporate,2,833.19,15,1416.42,23.48,8,No,4
ORD-10296,2025-03-26,East,Electronics,Online,Consumer,1,441.8,0,441.8,87.09,5,No,5
ORD-10297,2025-01-24,East,Furniture,Retail Store,Consumer,19,788.49,10,13483.18,-911.75,3,No,4
ORD-10298,2025-05-10,West,Electronics,Retail Store,Consumer,2,71.77,10,129.19,34.42,8,No,1
ORD-10299,2025-09-17,South,Toys,Retail Store,Consumer,3,328.03,10,885.68,190.08,1,No,1
ORD-10300,2025-01-04,East,Apparel,Retail Store,Consumer,11,521.45,5,5449.15,478.18,8,No,1
ORD-10301,2024-01-22,North,Furniture,Partner,Consumer,15,789.27,10,10655.15,3020.54,3,No,3
ORD-10302,2024-10-06,South,Electronics,Partner,Consumer,17,892.27,0,15168.59,5726.56,13,No,1
ORD-10303,2025-03-12,East,Toys,Online,Consumer,21,93.6,20,1572.48,409.89,5,No,5
ORD-10304,2025-01-06,West,Toys,Retail Store,Consumer,21,224.46,20,3770.93,1026.12,11,No,3
ORD-10305,2025-05-30,South,Groceries,Online,Consumer,8,729.25,0,5834.0,-445.62,14,No,3
ORD-10306,2025-02-18,South,Apparel,Partner,Consumer,13,514.01,0,6682.13,-54.08,12,No,2
ORD-10307,2025-08-08,North,Toys,Online,Small Business,22,844.0,0,18568.0,7100.2,10,No,2
ORD-10308,2025-08-17,West,Groceries,Partner,Consumer,15,324.49,20,3893.88,1321.17,6,No,2
ORD-10309,2024-09-20,East,Toys,Online,Small Business,1,683.85,15,581.27,-40.67,1,No,3
ORD-10310,2024-07-24,North,Toys,Online,Consumer,10,778.34,15,6615.89,1898.39,3,No,
ORD-10311,2024-03-22,North,Electronics,Online,Corporate,19,310.34,0,5896.46,1111.3,1,No,2
ORD-10312,2024-01-29,North,Furniture,Partner,Corporate,11,297.44,15,2781.06,341.12,11,No,1
ORD-10313,2024-02-28,East,Apparel,Retail Store,Small Business,2,83.04,10,149.47,17.9,8,No,
ORD-10314,2024-11-20,West,Toys,Partner,Small Business,21,888.83,0,18665.43,5264.91,6,No,
ORD-10315,2024-01-20,North,Furniture,Retail Store,Corporate,7,132.68,20,743.01,97.79,9,No,4
ORD-10316,2025-07-22,East,Furniture,Online,Small Business,22,883.35,10,17490.33,4011.2,14,Yes,3
ORD-10317,2024-02-02,West,Groceries,Partner,Corporate,21,696.48,15,12432.17,1251.64,9,No,1
ORD-10318,2024-09-15,East,Electronics,Online,Small Business,18,430.81,15,6591.39,224.66,13,No,
ORD-10319,2025-10-01,South,Furniture,Partner,Consumer,4,58.85,10,211.86,10.5,10,No,5
ORD-10320,2024-06-01,South,Furniture,Partner,Consumer,24,770.84,20,14800.13,1412.14,12,No,3
ORD-10321,2025-05-25,West,Furniture,Retail Store,Consumer,21,821.56,20,13802.21,1130.62,1,No,5
ORD-10322,2024-01-16,East,Electronics,Online,Consumer,21,822.72,15,14685.55,2967.96,7,No,5
ORD-10323,2024-08-17,West,Electronics,Online,Consumer,9,23.58,15,180.39,17.53,6,No,5
ORD-10324,2024-10-12,South,Groceries,Retail Store,Corporate,16,198.87,10,2863.73,1137.28,3,No,2
ORD-10325,2024-03-31,South,Groceries,Retail Store,Small Business,1,439.57,0,439.57,98.96,8,No,4
ORD-10326,2024-02-23,West,Furniture,Online,Corporate,24,327.53,20,6288.58,2213.48,5,No,
ORD-10327,2024-04-24,South,Furniture,Partner,Small Business,1,124.38,0,124.38,11.92,13,No,3
ORD-10328,2025-02-10,West,Electronics,Retail Store,Consumer,14,308.89,15,3675.79,781.61,4,No,5
ORD-10329,2024-01-16,West,Electronics,Partner,Consumer,5,456.78,0,2283.9,649.2,1,No,
ORD-10330,2024-04-22,West,Electronics,Online,Consumer,16,873.68,10,12580.99,402.04,9,No,5
ORD-10331,2025-07-12,West,Toys,Online,Corporate,4,479.29,20,1533.73,621.54,14,No,5
ORD-10332,2024-03-15,East,Groceries,Online,Consumer,23,163.61,0,3763.03,68.57,1,No,4
ORD-10333,2025-01-06,West,Groceries,Partner,Corporate,1,296.51,0,296.51,57.64,12,No,5
ORD-10334,2024-10-02,West,Apparel,Online,Corporate,14,289.85,5,3855.01,1158.35,7,No,5
ORD-10335,2024-01-06,West,Furniture,Online,Consumer,20,453.44,0,9068.8,2282.74,2,No,
ORD-10336,2024-02-20,West,Apparel,Partner,Small Business,23,504.87,15,9870.21,767.98,10,No,3
ORD-10337,2025-04-26,South,Toys,Partner,Small Business,11,535.1,5,5591.8,1983.51,6,Yes,
ORD-10338,2025-02-06,East,Toys,Online,Small Business,9,553.47,15,4234.05,1349.22,11,No,4
ORD-10339,2024-09-28,West,Groceries,Partner,Consumer,16,772.65,0,12362.4,5188.57,2,No,2
ORD-10340,2025-06-20,South,Furniture,Partner,Consumer,17,156.37,0,2658.29,-10.03,11,No,1
ORD-10341,2024-02-14,West,Groceries,Online,Corporate,13,328.78,20,3419.31,-10.52,5,No,
ORD-10342,2025-01-08,East,Groceries,Retail Store,Small Business,22,723.88,10,14332.82,-515.98,7,No,3
ORD-10343,2024-04-24,South,Apparel,Partner,Consumer,21,433.11,20,7276.25,-560.56,3,No,3
ORD-10344,2025-06-17,West,Furniture,Retail Store,Consumer,20,336.84,0,6736.8,1334.56,1,No,2
ORD-10345,2024-02-29,East,Toys,Retail Store,Corporate,6,279.35,10,1508.49,61.72,14,No,
ORD-10346,2025-06-21,East,Apparel,Partner,Corporate,3,185.51,5,528.7,201.04,12,No,3
ORD-10347,2025-01-10,West,Electronics,Partner,Small Business,23,679.02,5,14836.59,4828.02,6,No,3
ORD-10348,2025-08-15,East,Furniture,Online,Small Business,20,176.49,20,2823.84,60.89,14,No,
ORD-10349,2025-04-01,North,Apparel,Online,Small Business,13,475.6,5,5873.66,1184.98,8,Yes,3
ORD-10350,2025-02-28,West,Apparel,Retail Store,Consumer,6,801.87,5,4570.66,803.96,14,No,5
ORD-10351,2024-08-25,East,Furniture,Partner,Corporate,13,489.79,15,5412.18,1648.63,13,No,
ORD-10352,2024-04-02,North,Furniture,Retail Store,Consumer,3,516.07,0,1548.21,532.7,4,No,3
ORD-10353,2024-02-26,North,Furniture,Partner,Small Business,23,305.35,20,5618.44,1651.62,14,No,1
ORD-10354,2025-02-20,South,Electronics,Partner,Consumer,21,135.24,0,2840.04,37.13,9,No,4
ORD-10355,2024-09-25,East,Electronics,Partner,Corporate,11,348.43,15,3257.82,571.72,7,No,
ORD-10356,2024-11-10,West,Groceries,Partner,Corporate,8,780.76,20,4996.86,362.19,3,No,1
ORD-10357,2025-07-03,South,Groceries,Retail Store,Corporate,15,592.41,15,7553.23,152.07,12,No,5
ORD-10358,2024-02-22,East,Groceries,Online,Corporate,1,482.11,5,458.0,13.67,8,No,1
ORD-10359,2024-08-02,West,Toys,Online,Consumer,20,411.88,15,7001.96,-358.09,7,No,
ORD-10360,2024-02-20,South,Furniture,Online,Small Business,3,733.8,5,2091.33,419.37,13,No,3
ORD-10361,2024-08-14,South,Groceries,Partner,Consumer,7,483.33,0,3383.31,602.62,8,No,1
ORD-10362,2024-04-03,East,Electronics,Partner,Corporate,14,205.27,20,2299.02,604.54,3,No,5
ORD-10363,2024-05-16,South,Electronics,Partner,Corporate,6,753.33,0,4519.98,1236.08,12,No,2
ORD-10364,2024-09-21,South,Groceries,Retail Store,Consumer,18,757.97,0,13643.46,1143.43,3,No,2
ORD-10365,2024-08-16,South,Toys,Partner,Consumer,23,88.76,5,1939.41,261.68,11,No,
ORD-10366,2024-02-09,North,Groceries,Retail Store,Corporate,4,593.46,0,2373.84,223.08,13,No,
ORD-10367,2024-07-24,North,Apparel,Online,Consumer,9,778.27,10,6303.99,978.55,13,No,4
ORD-10368,2024-11-03,East,Electronics,Online,Consumer,19,540.92,0,10277.48,2551.55,1,No,2
ORD-10369,2024-12-24,East,Apparel,Online,Consumer,16,226.42,15,3079.31,966.48,5,No,5
ORD-10370,2025-07-26,South,Apparel,Partner,Corporate,4,673.53,0,2694.12,406.0,1,No,4
ORD-10371,2025-08-16,West,Electronics,Partner,Corporate,14,583.9,0,8174.6,-342.38,12,No,5
ORD-10372,2024-06-16,East,Groceries,Online,Small Business,6,598.16,0,3588.96,1280.24,8,No,1
ORD-10373,2024-09-24,South,Electronics,Retail Store,Corporate,4,791.76,0,3167.04,595.38,2,No,3
ORD-10374,2024-09-08,East,Furniture,Retail Store,Consumer,19,484.24,10,8280.5,511.25,9,No,1
ORD-10375,2024-09-02,North,Toys,Online,Consumer,17,219.48,0,3731.16,612.66,13,Yes,4
ORD-10376,2024-08-03,East,Furniture,Online,Corporate,3,676.29,0,2028.87,236.63,9,No,2
ORD-10377,2025-08-06,South,Electronics,Online,Small Business,3,599.18,0,1797.54,552.7,9,Yes,
ORD-10378,2024-09-08,North,Electronics,Online,Small Business,20,306.88,0,6137.6,1880.73,3,No,2
ORD-10379,2024-03-27,East,Apparel,Retail Store,Corporate,19,829.16,0,15754.04,-1006.37,13,No,1
ORD-10380,2025-06-07,South,Furniture,Online,Consumer,5,718.9,20,2875.6,1099.77,11,No,5
ORD-10381,2024-03-09,East,Electronics,Online,Small Business,16,38.77,10,558.29,132.98,4,No,
ORD-10382,2025-01-09,South,Apparel,Retail Store,Small Business,3,587.6,0,1762.8,539.48,8,No,2
ORD-10383,2024-11-06,South,Electronics,Retail Store,Corporate,24,422.21,20,8106.43,2696.09,13,No,2
ORD-10384,2025-08-30,North,Toys,Retail Store,Consumer,21,851.62,0,17884.02,716.31,10,No,4
ORD-10385,2024-08-30,North,Apparel,Retail Store,Small Business,19,817.77,15,13206.99,4119.54,13,No,5
ORD-10386,2024-12-16,East,Apparel,Partner,Small Business,13,853.56,0,11096.28,4128.56,7,No,
ORD-10387,2024-11-03,West,Apparel,Retail Store,Corporate,20,19.64,0,392.8,87.35,8,No,2
ORD-10388,2025-07-12,West,Furniture,Partner,Consumer,3,321.57,20,771.77,50.99,2,No,1
ORD-10389,2025-03-28,North,Apparel,Online,Small Business,22,486.67,0,10706.74,2500.82,7,No,3
ORD-10390,2024-10-04,East,Groceries,Partner,Corporate,5,329.32,0,1646.6,122.32,6,No,4
ORD-10391,2024-07-12,South,Furniture,Online,Consumer,13,476.84,0,6198.92,913.01,13,No,2
ORD-10392,2024-12-26,West,Electronics,Online,Corporate,18,662.44,20,9539.14,2414.87,2,No,4
ORD-10393,2024-12-05,East,Apparel,Partner,Small Business,9,862.27,0,7760.43,1831.17,7,No,5
ORD-10394,2024-03-02,North,Apparel,Partner,Consumer,16,330.53,0,5288.48,1050.86,8,No,4
ORD-10395,2024-06-04,West,Toys,Online,Consumer,24,415.69,0,9976.56,3955.58,5,No,1
ORD-10396,2025-08-24,South,Toys,Partner,Small Business,17,46.77,5,755.34,181.85,5,No,1
ORD-10397,2024-10-25,North,Toys,Partner,Small Business,1,381.53,5,362.45,39.96,12,No,5
ORD-10398,2024-10-11,North,Groceries,Partner,Corporate,6,750.98,5,4280.59,1570.38,4,No,
ORD-10399,2024-06-15,East,Groceries,Online,Small Business,24,470.86,15,9605.54,661.02,7,No,5
ORD-10400,2024-07-10,South,Groceries,Partner,Corporate,10,802.66,5,7625.27,2928.28,7,No,5
ORD-10401,2024-09-23,West,Groceries,Retail Store,Consumer,13,291.07,20,3027.13,66.56,10,No,4
ORD-10402,2025-02-22,South,Furniture,Retail Store,Small Business,25,803.73,0,20093.25,3116.66,9,No,3
ORD-10403,2024-03-19,East,Groceries,Partner,Consumer,13,329.65,5,4071.18,203.0,13,No,
ORD-10404,2025-06-28,East,Toys,Online,Consumer,10,321.52,0,3215.2,1150.4,2,No,5
ORD-10405,2025-02-26,North,Electronics,Retail Store,Corporate,10,153.5,0,1535.0,523.14,13,Yes,2
ORD-10406,2025-02-13,South,Apparel,Partner,Consumer,16,726.13,0,11618.08,2159.75,9,No,5
ORD-10407,2024-10-22,West,Furniture,Online,Small Business,7,308.16,0,2157.12,-169.22,10,No,1
ORD-10408,2025-08-14,East,Apparel,Partner,Consumer,13,196.47,15,2170.99,-9.6,11,No,4
ORD-10409,2024-05-07,West,Groceries,Retail Store,Consumer,2,669.99,20,1071.98,261.27,12,No,4
ORD-10410,2024-10-08,East,Electronics,Partner,Consumer,25,545.0,20,10900.0,4054.19,5,No,2
ORD-10411,2025-08-05,North,Electronics,Online,Corporate,12,25.87,10,279.4,8.16,8,No,1
ORD-10412,2025-04-02,North,Groceries,Online,Small Business,17,57.89,5,934.92,311.98,2,No,1
ORD-10413,2024-10-28,South,Groceries,Partner,Consumer,11,479.97,0,5279.67,321.29,13,No,4
ORD-10414,2024-02-01,East,Furniture,Retail Store,Corporate,25,159.87,20,3197.4,-154.98,11,No,5
ORD-10415,2024-04-01,West,Toys,Online,Small Business,4,363.12,10,1307.23,462.53,1,No,4
ORD-10416,2024-12-03,South,Groceries,Retail Store,Corporate,3,579.39,10,1564.35,632.92,12,No,3
ORD-10417,2024-07-14,South,Groceries,Retail Store,Consumer,20,174.97,5,3324.43,-138.88,9,No,3
ORD-10418,2024-07-21,East,Furniture,Partner,Consumer,25,242.72,10,5461.2,2075.11,12,No,5
ORD-10419,2024-01-17,East,Electronics,Partner,Corporate,12,189.05,0,2268.6,530.37,10,No,2
ORD-10420,2024-12-29,East,Groceries,Retail Store,Consumer,4,44.6,0,178.4,57.49,8,No,2
ORD-10421,2024-04-19,West,Furniture,Online,Corporate,12,700.84,5,7989.58,2535.69,8,No,
ORD-10422,2025-06-24,East,Toys,Retail Store,Small Business,9,459.6,0,4136.4,-287.03,4,Yes,2
ORD-10423,2025-06-15,South,Apparel,Retail Store,Consumer,25,660.51,5,15687.11,-170.07,2,No,5
ORD-10424,2025-08-22,North,Toys,Retail Store,Consumer,13,29.7,20,308.88,6.79,10,No,
ORD-10425,2024-11-27,West,Groceries,Partner,Consumer,20,505.83,5,9610.77,-733.61,4,No,3
ORD-10426,2024-04-16,West,Electronics,Retail Store,Small Business,19,790.45,0,15018.55,3195.47,11,No,5
ORD-10427,2025-03-26,West,Electronics,Online,Corporate,19,653.41,0,12414.79,3053.44,14,Yes,1
ORD-10428,2025-04-25,West,Apparel,Online,Small Business,20,131.89,5,2505.91,98.48,4,No,3
ORD-10429,2025-08-02,North,Furniture,Online,Consumer,21,665.95,15,11887.21,4445.78,4,No,
ORD-10430,2025-04-22,North,Electronics,Partner,Small Business,13,220.2,0,2862.6,598.37,7,No,
ORD-10431,2024-06-06,North,Apparel,Online,Consumer,1,433.57,0,433.57,140.27,3,No,4
ORD-10432,2024-11-27,North,Electronics,Online,Consumer,17,709.32,5,11455.52,2267.59,14,No,4
ORD-10433,2025-07-29,North,Toys,Partner,Consumer,20,537.13,20,8594.08,2154.73,10,No,3
ORD-10434,2025-02-10,South,Electronics,Partner,Corporate,18,671.77,0,12091.86,294.79,12,No,5
ORD-10435,2024-07-31,East,Apparel,Partner,Consumer,4,553.35,0,2213.4,-79.86,4,No,
ORD-10436,2025-01-11,South,Groceries,Retail Store,Small Business,10,281.74,0,2817.4,586.35,6,No,
ORD-10437,2024-03-21,South,Electronics,Partner,Corporate,2,106.73,15,181.44,26.82,7,No,4
ORD-10438,2024-08-03,North,Electronics,Partner,Small Business,1,754.28,15,641.14,-8.0,7,No,1
ORD-10439,2025-09-25,East,Groceries,Retail Store,Corporate,15,233.64,0,3504.6,-230.68,7,No,1
ORD-10440,2025-03-29,East,Furniture,Retail Store,Consumer,21,592.03,5,11811.0,-867.16,9,No,2
ORD-10441,2024-08-24,North,Toys,Online,Corporate,12,829.21,0,9950.52,3157.3,9,No,
ORD-10442,2024-02-06,North,Groceries,Partner,Consumer,14,566.14,0,7925.96,3192.75,3,No,4
ORD-10443,2024-02-24,North,Toys,Partner,Consumer,8,844.46,5,6417.9,186.31,13,No,5
ORD-10444,2024-09-23,West,Apparel,Partner,Small Business,23,110.91,0,2550.93,8.21,12,No,3
ORD-10445,2024-09-11,South,Groceries,Partner,Corporate,9,864.73,0,7782.57,1783.31,11,No,5
ORD-10446,2025-08-28,West,Furniture,Retail Store,Consumer,21,67.12,0,1409.52,-67.7,2,No,
ORD-10447,2024-03-16,West,Groceries,Partner,Small Business,3,132.3,0,396.9,104.69,5,No,1
ORD-10448,2024-04-12,South,Groceries,Retail Store,Small Business,10,358.33,15,3045.8,1093.54,14,No,2
ORD-10449,2024-11-26,South,Furniture,Online,Consumer,1,352.24,20,281.79,90.58,11,No,2
ORD-10450,2025-10-01,South,Electronics,Partner,Small Business,7,70.02,0,490.14,104.64,11,No,1
ORD-10451,2024-02-16,West,Furniture,Retail Store,Small Business,16,91.91,0,1470.56,-52.25,10,No,
ORD-10452,2024-03-07,East,Groceries,Retail Store,Small Business,1,245.15,0,245.15,68.97,3,No,5
ORD-10453,2024-09-14,North,Groceries,Online,Consumer,12,153.78,15,1568.56,98.25,7,No,1
ORD-10454,2024-07-17,South,Furniture,Partner,Corporate,25,348.84,0,8721.0,448.79,1,No,
ORD-10455,2025-01-21,West,Groceries,Retail Store,Consumer,8,257.25,5,1955.1,-48.99,9,Yes,3
ORD-10456,2024-04-05,South,Apparel,Retail Store,Corporate,4,439.04,0,1756.16,-87.18,4,No,2
ORD-10457,2025-01-04,North,Apparel,Online,Small Business,16,218.98,0,3503.68,109.32,12,No,4
ORD-10458,2025-09-17,North,Apparel,Online,Small Business,4,58.61,5,222.72,1.19,14,No,1
ORD-10459,2024-04-13,South,Electronics,Online,Corporate,16,242.45,5,3685.24,867.87,2,No,2
ORD-10460,2025-01-04,West,Electronics,Retail Store,Consumer,4,634.61,5,2411.52,421.46,11,No,4
ORD-10461,2024-01-26,South,Apparel,Retail Store,Small Business,22,667.71,10,13220.66,2941.12,11,No,1
ORD-10462,2025-01-31,East,Groceries,Partner,Small Business,24,42.37,20,813.5,8.84,4,No,4
ORD-10463,2025-04-14,East,Electronics,Retail Store,Consumer,15,199.19,0,2987.85,1014.77,5,Yes,2
ORD-10464,2025-08-20,South,Furniture,Online,Corporate,3,364.78,15,930.19,366.68,4,No,3
ORD-10465,2025-01-17,South,Toys,Online,Corporate,24,445.43,0,10690.32,224.01,13,No,2
ORD-10466,2024-08-19,West,Groceries,Partner,Small Business,2,369.25,0,738.5,-50.6,6,No,1
ORD-10467,2024-01-01,West,Furniture,Retail Store,Small Business,20,731.5,10,13167.0,2553.49,7,No,2
ORD-10468,2024-09-03,South,Toys,Online,Small Business,4,250.13,5,950.49,-11.76,6,No,1
ORD-10469,2024-08-27,West,Apparel,Retail Store,Corporate,6,76.8,20,368.64,134.25,11,No,1
ORD-10470,2024-10-02,North,Apparel,Online,Corporate,4,51.17,20,163.74,-7.32,13,No,1
ORD-10471,2025-03-06,North,Electronics,Retail Store,Consumer,17,342.28,0,5818.76,988.01,9,No,5
ORD-10472,2025-01-13,East,Toys,Partner,Corporate,18,177.45,0,3194.1,34.38,12,No,5
ORD-10473,2024-08-30,North,Apparel,Partner,Small Business,12,860.89,0,10330.68,-531.61,11,No,1
ORD-10474,2024-12-01,South,Electronics,Retail Store,Corporate,15,430.44,15,5488.11,1716.93,4,No,
ORD-10475,2024-07-31,South,Toys,Retail Store,Small Business,14,363.94,0,5095.16,1396.63,7,No,3
ORD-10476,2025-01-08,North,Furniture,Online,Small Business,8,577.62,0,4620.96,-55.46,7,No,3
ORD-10477,2024-03-20,East,Apparel,Retail Store,Small Business,19,411.44,0,7817.36,2339.03,6,No,3
ORD-10478,2024-01-19,East,Furniture,Partner,Small Business,13,335.89,15,3711.58,81.69,4,Yes,4
ORD-10479,2024-07-20,East,Groceries,Online,Consumer,25,766.0,15,16277.5,3590.22,14,No,4
ORD-10480,2024-02-16,East,Furniture,Online,Consumer,1,537.99,5,511.09,163.14,14,No,
ORD-10481,2024-09-11,South,Electronics,Online,Consumer,6,210.82,0,1264.92,-28.95,2,No,1
ORD-10482,2025-04-26,East,Groceries,Retail Store,Small Business,3,472.48,0,1417.44,225.97,5,No,
ORD-10483,2024-03-26,North,Groceries,Partner,Corporate,6,242.67,0,1456.02,-20.56,14,Yes,2
ORD-10484,2024-12-15,North,Toys,Online,Small Business,16,131.25,10,1890.0,248.36,5,Yes,
ORD-10485,2024-08-22,North,Groceries,Partner,Consumer,3,722.78,0,2168.34,33.93,12,No,3
ORD-10486,2024-08-24,West,Toys,Online,Consumer,3,743.24,5,2118.23,34.66,10,No,
ORD-10487,2025-04-13,East,Furniture,Partner,Consumer,25,236.39,5,5614.26,-362.39,12,No,1
ORD-10488,2025-06-09,West,Groceries,Partner,Consumer,7,577.62,15,3436.84,1274.77,4,No,5
ORD-10489,2024-09-24,East,Furniture,Partner,Small Business,6,60.51,5,344.91,89.88,12,No,3
ORD-10490,2024-11-19,East,Toys,Online,Corporate,24,279.21,20,5360.83,-297.32,9,No,1
ORD-10491,2024-06-28,North,Furniture,Partner,Small Business,15,32.05,0,480.75,86.85,6,No,5
ORD-10492,2025-05-02,North,Toys,Partner,Corporate,10,699.01,0,6990.1,969.18,2,No,5
ORD-10493,2025-06-09,West,Furniture,Partner,Corporate,15,289.83,5,4130.08,774.35,13,Yes,2
ORD-10494,2025-09-25,East,Electronics,Online,Consumer,4,693.39,0,2773.56,968.26,9,No,
ORD-10495,2025-04-22,East,Toys,Retail Store,Small Business,2,273.48,0,546.96,-20.32,7,Yes,
ORD-10496,2024-02-22,South,Electronics,Partner,Consumer,10,819.28,15,6963.88,1880.8,6,No,4
ORD-10497,2025-09-10,West,Apparel,Partner,Corporate,6,219.49,5,1251.09,126.63,4,No,4
ORD-10498,2024-04-29,West,Electronics,Retail Store,Consumer,9,848.94,15,6494.39,2586.06,10,No,3
ORD-10499,2025-02-06,South,Furniture,Retail Store,Consumer,24,709.72,15,14478.29,5121.13,9,No,1
ORD-10500,2024-01-29,South,Groceries,Partner,Corporate,17,424.95,15,6140.53,471.11,12,Yes,2
ORD-10501,2024-07-11,South,Apparel,Partner,Corporate,2,740.4,20,1184.64,-88.6,13,No,4
ORD-10502,2024-02-10,East,Electronics,Retail Store,Corporate,11,208.99,0,2298.89,246.73,6,No,3
ORD-10503,2024-10-17,West,Electronics,Partner,Small Business,8,16.27,15,110.64,32.95,4,No,
ORD-10504,2024-06-24,East,Furniture,Retail Store,Corporate,10,231.63,15,1968.86,669.12,3,No,4
ORD-10505,2024-12-10,East,Electronics,Online,Small Business,12,806.82,0,9681.84,3452.26,9,No,
ORD-10506,2025-07-14,South,Apparel,Partner,Corporate,11,425.85,5,4450.13,447.02,2,No,
ORD-10507,2024-11-30,North,Electronics,Retail Store,Small Business,1,208.25,0,208.25,-11.19,14,No,5
ORD-10508,2025-02-15,West,Groceries,Retail Store,Corporate,16,858.89,0,13742.24,3942.21,5,Yes,2
ORD-10509,2025-08-10,North,Electronics,Retail Store,Corporate,20,530.8,20,8492.8,1088.83,11,No,1
ORD-10510,2024-08-01,North,Groceries,Partner,Small Business,18,330.14,15,5051.14,-315.99,10,No,3
ORD-10511,2024-01-25,East,Furniture,Partner,Small Business,14,898.86,0,12584.04,1237.1,4,Yes,4
ORD-10512,2024-02-29,West,Furniture,Online,Corporate,12,795.38,15,8112.88,1934.7,2,No,1
ORD-10513,2024-12-01,West,Groceries,Partner,Small Business,11,466.41,0,5130.51,-382.64,14,No,4
ORD-10514,2025-01-22,North,Toys,Partner,Corporate,6,169.09,15,862.36,-45.96,1,No,4
ORD-10515,2024-01-24,West,Toys,Online,Small Business,23,810.9,0,18650.7,497.78,3,No,3
ORD-10516,2024-02-01,East,Apparel,Online,Corporate,5,543.89,0,2719.45,76.73,11,No,
ORD-10517,2024-04-04,South,Electronics,Partner,Corporate,11,813.4,0,8947.4,322.48,14,No,1
ORD-10518,2025-09-09,North,Furniture,Partner,Corporate,7,878.54,15,5227.31,1442.96,12,No,2
ORD-10519,2025-03-10,West,Toys,Online,Consumer,2,442.12,0,884.24,326.14,9,No,3
ORD-10520,2024-05-25,East,Groceries,Retail Store,Small Business,15,158.58,0,2378.7,101.23,4,No,1
ORD-10521,2025-02-23,South,Groceries,Partner,Consumer,20,395.2,0,7904.0,1128.45,3,No,4
ORD-10522,2024-11-19,West,Electronics,Retail Store,Small Business,17,270.04,5,4361.15,711.41,5,No,4
ORD-10523,2024-07-21,South,Apparel,Online,Consumer,19,460.55,10,7875.41,755.17,7,No,3
ORD-10524,2024-04-12,West,Groceries,Partner,Consumer,24,385.52,0,9252.48,1412.35,14,No,4
ORD-10525,2024-01-07,West,Electronics,Retail Store,Small Business,24,431.74,10,9325.58,644.5,9,No,5
ORD-10526,2024-01-05,West,Furniture,Retail Store,Small Business,21,332.43,20,5584.82,1148.88,4,No,1
ORD-10527,2025-07-16,North,Toys,Online,Consumer,13,587.55,0,7638.15,1742.97,13,No,3
ORD-10528,2025-05-22,East,Groceries,Partner,Small Business,12,471.71,0,5660.52,1787.99,6,No,3
ORD-10529,2024-04-29,East,Groceries,Online,Corporate,9,351.47,10,2846.91,911.03,2,No,5
ORD-10530,2025-07-05,West,Electronics,Online,Small Business,9,802.69,0,7224.21,784.76,2,No,1
ORD-10531,2024-03-01,North,Furniture,Retail Store,Corporate,5,283.46,0,1417.3,-26.93,12,No,1
ORD-10532,2025-07-18,West,Toys,Online,Consumer,3,696.74,0,2090.22,614.58,14,Yes,3
ORD-10533,2025-03-08,South,Electronics,Partner,Consumer,21,786.27,20,13209.34,5394.64,1,No,
ORD-10534,2024-06-13,South,Electronics,Online,Corporate,2,24.51,15,41.67,0.04,3,No,4
ORD-10535,2025-01-01,West,Furniture,Retail Store,Corporate,12,113.2,20,1086.72,135.31,8,No,3
ORD-10536,2024-01-26,East,Furniture,Partner,Small Business,6,166.01,0,996.06,246.64,8,No,4
ORD-10537,2024-02-04,North,Apparel,Retail Store,Corporate,18,712.87,10,11548.49,4165.4,10,No,2
ORD-10538,2025-02-09,South,Toys,Retail Store,Consumer,5,774.18,20,3096.72,818.09,3,Yes,5
ORD-10539,2024-01-05,East,Toys,Retail Store,Small Business,23,465.78,0,10712.94,2728.14,10,No,5
ORD-10540,2025-02-22,South,Groceries,Retail Store,Corporate,16,860.17,10,12386.45,191.14,4,No,4
ORD-10541,2024-01-05,East,Toys,Partner,Corporate,23,297.04,15,5807.13,-4.49,14,No,3
ORD-10542,2024-10-08,North,Electronics,Online,Corporate,16,837.54,20,10720.51,3221.79,10,No,2
ORD-10543,2025-08-23,North,Toys,Partner,Consumer,14,635.99,0,8903.86,-254.2,5,No,4
ORD-10544,2025-03-21,West,Apparel,Partner,Corporate,24,729.52,0,17508.48,-546.47,8,Yes,2
ORD-10545,2024-08-07,East,Electronics,Online,Small Business,21,236.04,20,3965.47,1552.64,9,No,4
ORD-10546,2024-10-11,West,Apparel,Online,Consumer,21,777.91,5,15519.3,4571.3,3,No,2
ORD-10547,2024-02-24,East,Toys,Partner,Corporate,18,664.57,0,11962.26,4174.26,5,No,
ORD-10548,2025-03-31,North,Apparel,Online,Corporate,1,82.77,20,66.22,14.59,12,No,5
ORD-10549,2024-10-24,North,Groceries,Partner,Consumer,20,170.85,0,3417.0,1158.94,5,No,1
ORD-10550,2024-06-16,East,Furniture,Retail Store,Consumer,16,772.52,0,12360.32,377.95,10,No,
ORD-10551,2025-01-27,South,Toys,Online,Corporate,20,770.08,5,14631.52,5514.24,13,No,5
ORD-10552,2024-03-02,South,Apparel,Retail Store,Consumer,8,589.06,5,4476.86,807.31,2,No,2
ORD-10553,2025-02-18,West,Furniture,Retail Store,Small Business,5,809.5,5,3845.12,399.24,9,No,4
ORD-10554,2024-12-02,West,Furniture,Online,Consumer,11,798.04,0,8778.44,1486.5,5,No,3
ORD-10555,2025-08-14,East,Toys,Online,Corporate,6,285.9,0,1715.4,-30.88,5,No,5
ORD-10556,2025-01-13,East,Toys,Retail Store,Small Business,25,853.67,15,18140.49,342.76,14,No,5
ORD-10557,2024-06-28,East,Groceries,Partner,Consumer,7,546.31,0,3824.17,1050.3,10,No,3
ORD-10558,2024-01-11,North,Furniture,Online,Small Business,18,68.47,10,1109.21,-27.53,5,No,1
ORD-10559,2025-08-17,North,Electronics,Retail Store,Corporate,9,49.07,5,419.55,154.23,12,No,4
ORD-10560,2025-03-01,South,Groceries,Online,Small Business,23,532.61,20,9800.02,209.37,3,No,
ORD-10561,2024-08-03,East,Electronics,Partner,Corporate,9,529.0,15,4046.85,495.88,12,No,
ORD-10562,2025-09-02,South,Apparel,Retail Store,Corporate,4,747.49,0,2989.96,1062.66,1,No,
ORD-10563,2025-03-13,East,Toys,Partner,Corporate,18,589.83,0,10616.94,2077.02,6,No,2
ORD-10564,2025-07-10,North,Furniture,Partner,Consumer,6,146.56,0,879.36,0.02,9,No,4
ORD-10565,2024-04-08,North,Toys,Partner,Consumer,16,374.36,10,5390.78,205.33,3,No,
ORD-10566,2024-09-04,West,Groceries,Partner,Corporate,8,697.37,20,4463.17,601.09,8,No,1
ORD-10567,2024-02-20,South,Apparel,Online,Consumer,17,218.76,0,3718.92,185.57,13,No,
ORD-10568,2024-12-12,West,Electronics,Online,Small Business,14,680.28,0,9523.92,-25.25,5,No,2
ORD-10569,2024-04-18,North,Toys,Retail Store,Consumer,14,835.89,10,10532.21,4370.02,12,No,5
ORD-10570,2024-06-09,North,Electronics,Online,Small Business,10,458.67,0,4586.7,1335.87,12,No,4
ORD-10571,2025-02-18,East,Furniture,Partner,Corporate,8,604.29,5,4592.6,-157.39,8,No,5
ORD-10572,2024-08-16,East,Apparel,Retail Store,Corporate,4,182.55,0,730.2,32.19,11,No,2
ORD-10573,2024-08-15,West,Electronics,Online,Consumer,13,377.84,20,3929.54,-147.69,1,No,1
ORD-10574,2024-09-26,East,Electronics,Online,Consumer,13,454.56,5,5613.82,1431.03,8,No,3
ORD-10575,2024-10-25,South,Electronics,Online,Consumer,19,734.0,5,13248.7,2144.14,3,No,5
ORD-10576,2024-01-26,North,Furniture,Partner,Consumer,19,886.58,15,14318.27,-337.29,6,No,
ORD-10577,2024-08-14,East,Toys,Retail Store,Small Business,24,245.09,0,5882.16,1963.15,3,No,3
ORD-10578,2024-07-02,West,Electronics,Online,Small Business,5,86.86,15,369.15,137.92,11,No,5
ORD-10579,2024-04-29,North,Electronics,Online,Consumer,13,87.3,0,1134.9,405.22,2,No,4
ORD-10580,2024-11-21,South,Toys,Retail Store,Small Business,19,400.58,15,6469.37,142.87,12,No,1
ORD-10581,2025-01-17,East,Groceries,Partner,Small Business,17,505.39,0,8591.63,-134.51,1,No,3
ORD-10582,2025-09-04,North,Furniture,Partner,Small Business,2,480.99,0,961.98,137.5,6,No,3
ORD-10583,2024-09-11,East,Toys,Retail Store,Small Business,18,340.78,0,6134.04,-393.06,5,No,2
ORD-10584,2024-08-06,East,Apparel,Online,Corporate,12,639.78,5,7293.49,2090.92,4,No,3
ORD-10585,2024-09-18,North,Groceries,Retail Store,Corporate,23,20.0,10,414.0,51.67,7,No,4
ORD-10586,2024-11-08,South,Furniture,Retail Store,Consumer,11,306.54,0,3371.94,352.81,5,No,
ORD-10587,2024-05-14,East,Groceries,Retail Store,Consumer,14,781.55,5,10394.61,800.63,11,No,5
ORD-10588,2024-06-10,South,Groceries,Retail Store,Consumer,9,59.3,15,453.64,156.88,1,No,3
ORD-10589,2024-07-15,North,Furniture,Online,Corporate,25,706.86,10,15904.35,2222.88,7,No,2
ORD-10590,2024-01-21,North,Apparel,Partner,Corporate,13,171.34,20,1781.94,-40.92,6,No,1
ORD-10591,2024-02-05,South,Toys,Retail Store,Consumer,23,173.64,0,3993.72,80.25,14,No,1
ORD-10592,2025-04-27,North,Toys,Online,Small Business,25,519.31,0,12982.75,1073.25,11,No,
ORD-10593,2025-06-06,East,Apparel,Retail Store,Corporate,4,217.44,5,826.27,-59.74,4,No,2
ORD-10594,2025-02-13,East,Furniture,Partner,Consumer,21,771.64,0,16204.44,1759.86,1,No,4
ORD-10595,2024-11-07,West,Groceries,Online,Consumer,16,699.67,5,10634.98,2676.75,8,No,4
ORD-10596,2025-10-01,West,Furniture,Online,Consumer,25,541.28,5,12855.4,5263.8,13,Yes,3
ORD-10597,2024-04-03,North,Groceries,Online,Consumer,15,784.71,15,10005.05,3726.85,3,No,
ORD-10598,2025-03-18,East,Apparel,Partner,Corporate,17,412.73,15,5963.95,2450.66,3,No,4
ORD-10599,2025-06-24,South,Apparel,Online,Corporate,4,337.77,20,1080.86,106.88,6,No,4
ORD-10600,2025-07-26,East,Toys,Online,Corporate,9,259.17,0,2332.53,579.05,9,No,2
ORD-10601,2024-05-20,South,Groceries,Retail Store,Consumer,22,761.29,0,16748.38,6673.35,6,No,3
ORD-10602,2024-01-04,West,Furniture,Retail Store,Corporate,22,181.95,10,3602.61,177.19,3,Yes,3
ORD-10603,2024-06-17,South,Groceries,Retail Store,Small Business,24,57.13,5,1302.56,157.28,1,No,4
ORD-10604,2025-04-28,South,Furniture,Partner,Consumer,18,159.83,15,2445.4,120.7,11,No,1
ORD-10605,2025-09-19,East,Furniture,Partner,Small Business,22,461.03,0,10142.66,-131.79,8,Yes,4
ORD-10606,2024-04-23,South,Furniture,Partner,Small Business,9,281.26,15,2151.64,675.08,10,No,5
ORD-10607,2025-03-29,East,Groceries,Retail Store,Corporate,19,118.02,20,1793.9,349.66,3,No,5
ORD-10608,2024-04-19,South,Electronics,Retail Store,Consumer,20,564.09,10,10153.62,87.3,14,No,
ORD-10609,2024-01-17,West,Toys,Partner,Consumer,8,398.82,20,2552.45,896.46,4,No,5
ORD-10610,2024-12-12,North,Toys,Online,Consumer,1,122.87,0,122.87,28.52,2,No,1
ORD-10611,2024-10-26,South,Groceries,Retail Store,Small Business,10,828.5,0,8285.0,2633.82,5,No,
ORD-10612,2024-03-01,West,Groceries,Partner,Small Business,8,280.57,15,1907.88,669.65,3,No,5
ORD-10613,2025-07-09,South,Apparel,Online,Corporate,13,708.53,5,8750.35,484.56,14,No,1
ORD-10614,2024-05-16,South,Groceries,Retail Store,Corporate,13,45.82,0,595.66,89.8,6,No,3
ORD-10615,2024-01-28,East,Toys,Retail Store,Consumer,25,690.57,20,13811.4,-0.35,8,Yes,5
ORD-10616,2025-02-19,South,Furniture,Retail Store,Small Business,17,689.12,5,11129.29,276.1,4,No,5
ORD-10617,2024-09-11,East,Groceries,Retail Store,Corporate,19,732.14,0,13910.66,3308.03,8,No,3
ORD-10618,2025-08-30,North,Toys,Retail Store,Corporate,7,287.57,20,1610.39,509.79,3,No,4
ORD-10619,2025-09-07,South,Toys,Retail Store,Small Business,21,808.1,15,14424.59,5068.58,13,No,3
ORD-10620,2025-04-23,South,Apparel,Online,Consumer,22,643.52,5,13449.57,1694.27,9,No,2
ORD-10621,2024-08-14,South,Apparel,Partner,Small Business,13,253.44,0,3294.72,1121.5,3,No,4
ORD-10622,2025-07-04,North,Furniture,Online,Consumer,15,582.98,5,8307.47,1180.93,13,No,4
ORD-10623,2024-04-14,East,Toys,Partner,Small Business,14,199.77,20,2237.42,486.07,10,No,5
ORD-10624,2024-12-21,South,Groceries,Partner,Corporate,4,434.55,0,1738.2,-5.75,9,Yes,
ORD-10625,2024-03-02,North,Toys,Retail Store,Corporate,2,181.7,0,363.4,122.38,5,No,1
ORD-10626,2024-09-13,East,Electronics,Online,Small Business,10,826.54,0,8265.4,1047.9,13,No,
ORD-10627,2024-04-27,West,Groceries,Online,Consumer,24,101.79,15,2076.52,50.89,1,No,3
ORD-10628,2025-02-25,North,Toys,Partner,Small Business,13,205.28,5,2535.21,745.43,11,No,4
ORD-10629,2025-06-27,West,Apparel,Online,Small Business,9,164.46,5,1406.13,-77.97,4,No,4
ORD-10630,2024-09-07,East,Toys,Retail Store,Consumer,17,778.94,0,13241.98,-971.4,11,No,5
ORD-10631,2024-06-10,East,Furniture,Retail Store,Small Business,16,736.97,20,9433.22,2242.97,4,No,5
ORD-10632,2025-02-06,West,Electronics,Partner,Corporate,22,270.17,5,5646.55,1015.97,4,No,
ORD-10633,2024-05-11,East,Electronics,Retail Store,Small Business,22,75.7,0,1665.4,440.02,3,No,
ORD-10634,2024-03-10,South,Groceries,Partner,Corporate,1,702.43,0,702.43,167.42,12,No,
ORD-10635,2024-04-30,West,Toys,Online,Corporate,15,273.6,5,3898.8,1492.36,7,No,2
ORD-10636,2025-05-06,East,Apparel,Online,Small Business,13,469.58,10,5494.09,-323.62,8,No,1
ORD-10637,2024-06-06,East,Apparel,Online,Small Business,13,687.73,0,8940.49,1605.93,7,No,2
ORD-10638,2024-08-31,North,Electronics,Partner,Corporate,18,19.91,0,358.38,90.22,13,No,4
ORD-10639,2025-03-26,West,Electronics,Retail Store,Small Business,4,832.1,0,3328.4,925.06,1,No,2
ORD-10640,2024-05-09,South,Apparel,Partner,Consumer,3,19.14,0,57.42,18.81,9,No,4
ORD-10641,2025-06-14,West,Electronics,Retail Store,Small Business,5,264.21,5,1255.0,50.82,14,No,4
ORD-10642,2024-04-09,North,Toys,Online,Consumer,22,370.36,10,7333.13,982.22,10,Yes,1
ORD-10643,2025-08-24,West,Groceries,Online,Corporate,22,449.72,0,9893.84,1466.15,6,No,4
ORD-10644,2024-10-08,West,Toys,Retail Store,Consumer,3,89.24,10,240.95,25.15,6,No,4
ORD-10645,2024-10-25,East,Groceries,Partner,Small Business,12,226.45,10,2445.66,895.79,7,No,2
ORD-10646,2025-09-18,South,Furniture,Partner,Consumer,5,897.78,15,3815.56,-153.53,14,Yes,1
ORD-10647,2025-01-04,West,Groceries,Retail Store,Consumer,23,556.51,0,12799.73,3542.86,2,No,5
ORD-10648,2024-04-16,West,Furniture,Online,Consumer,16,579.6,10,8346.24,3330.42,7,No,5
ORD-10649,2025-03-11,East,Furniture,Retail Store,Small Business,12,601.57,10,6496.96,1330.36,9,No,1
ORD-10650,2025-02-03,West,Furniture,Online,Consumer,17,700.79,10,10722.09,432.39,12,No,5
ORD-10651,2025-07-25,West,Furniture,Retail Store,Corporate,12,791.98,0,9503.76,724.59,6,No,4
ORD-10652,2024-06-30,South,Furniture,Retail Store,Corporate,3,144.33,10,389.69,137.33,9,No,1
ORD-10653,2025-07-18,East,Furniture,Online,Corporate,11,873.43,0,9607.73,220.74,1,No,1
ORD-10654,2025-01-24,West,Apparel,Online,Consumer,1,399.31,15,339.41,135.83,4,No,2
ORD-10655,2024-09-03,West,Electronics,Partner,Small Business,19,94.09,15,1519.55,261.39,4,No,2
ORD-10656,2024-08-06,North,Electronics,Partner,Consumer,12,518.64,0,6223.68,1458.42,10,Yes,3
ORD-10657,2025-07-16,West,Furniture,Retail Store,Corporate,13,143.17,10,1675.09,200.31,4,No,5
ORD-10658,2025-08-09,East,Groceries,Partner,Small Business,20,393.17,0,7863.4,653.14,9,No,4
ORD-10659,2024-04-14,East,Electronics,Partner,Corporate,11,232.5,15,2173.88,844.9,13,No,3
ORD-10660,2025-04-05,North,Apparel,Partner,Small Business,15,684.88,0,10273.2,78.39,2,No,5
ORD-10661,2024-05-10,East,Furniture,Online,Corporate,5,192.14,15,816.59,341.62,8,No,
ORD-10662,2024-06-26,West,Electronics,Online,Consumer,6,404.19,0,2425.14,877.55,12,No,4
ORD-10663,2024-03-29,North,Apparel,Partner,Corporate,8,765.54,20,4899.46,190.59,5,No,3
ORD-10664,2025-03-01,North,Apparel,Retail Store,Consumer,2,582.81,10,1049.06,234.37,7,No,1
ORD-10665,2024-12-09,West,Electronics,Retail Store,Small Business,1,88.93,0,88.93,14.81,6,No,4
ORD-10666,2025-01-22,East,Toys,Retail Store,Small Business,11,16.22,5,169.5,67.69,8,No,4
ORD-10667,2025-01-19,North,Electronics,Retail Store,Small Business,16,92.67,15,1260.31,171.56,9,No,
ORD-10668,2024-04-28,East,Toys,Online,Small Business,16,784.55,20,10042.24,3607.64,11,No,2
ORD-10669,2024-01-03,West,Apparel,Online,Corporate,8,319.47,5,2427.97,568.93,10,No,
ORD-10670,2024-12-05,West,Groceries,Partner,Small Business,18,215.19,20,3098.74,-202.76,8,No,5
ORD-10671,2025-08-17,North,Furniture,Partner,Corporate,20,661.63,0,13232.6,5206.68,1,No,2
ORD-10672,2024-03-02,East,Furniture,Online,Small Business,1,819.77,0,819.77,90.67,4,Yes,5
ORD-10673,2025-06-25,South,Toys,Online,Consumer,25,296.31,10,6666.98,931.19,7,No,1
ORD-10674,2025-04-04,East,Furniture,Online,Small Business,18,866.06,0,15589.08,863.03,8,No,
ORD-10675,2024-06-16,North,Electronics,Retail Store,Corporate,13,752.7,15,8317.34,-369.67,7,No,2
ORD-10676,2025-07-08,West,Electronics,Partner,Consumer,19,790.97,20,12022.74,1966.91,14,No,1
ORD-10677,2024-06-06,East,Groceries,Online,Consumer,8,812.63,0,6501.04,1993.07,11,No,2
ORD-10678,2024-05-12,South,Furniture,Partner,Small Business,11,637.04,5,6657.07,958.66,13,No,4
ORD-10679,2025-07-09,South,Furniture,Online,Small Business,5,555.11,0,2775.55,745.56,11,No,1
ORD-10680,2024-11-09,East,Electronics,Partner,Corporate,10,294.12,15,2500.02,807.98,9,No,3
ORD-10681,2024-04-19,South,Electronics,Online,Consumer,12,364.76,0,4377.12,1691.13,1,No,5
ORD-10682,2025-02-14,North,Electronics,Retail Store,Small Business,5,225.93,15,960.2,139.03,1,No,2
ORD-10683,2024-07-24,East,Furniture,Retail Store,Small Business,19,710.87,15,11480.55,1160.29,14,No,3
ORD-10684,2024-03-09,North,Groceries,Online,Corporate,14,257.56,15,3064.96,253.39,5,No,5
ORD-10685,2025-05-07,North,Groceries,Retail Store,Consumer,13,562.14,0,7307.82,1486.52,14,No,2
ORD-10686,2025-05-21,South,Groceries,Partner,Corporate,13,97.29,10,1138.29,17.54,1,No,3
ORD-10687,2024-12-17,North,Apparel,Retail Store,Small Business,21,115.54,15,2062.39,-4.11,7,No,1
ORD-10688,2024-10-21,West,Groceries,Partner,Small Business,15,748.26,0,11223.9,-118.2,5,No,4
ORD-10689,2024-01-17,East,Apparel,Partner,Corporate,23,891.85,0,20512.55,2197.11,14,No,3
ORD-10690,2024-01-21,North,Apparel,Online,Small Business,14,656.96,15,7817.82,3197.57,4,No,3
ORD-10691,2024-07-26,West,Apparel,Partner,Corporate,12,520.97,15,5313.89,546.19,2,No,
ORD-10692,2024-11-11,West,Toys,Partner,Corporate,4,526.98,5,2002.52,410.9,11,No,1
ORD-10693,2025-08-28,East,Toys,Retail Store,Corporate,18,891.46,0,16046.28,6735.14,12,No,
ORD-10694,2025-05-26,South,Toys,Online,Corporate,17,190.26,0,3234.42,223.22,2,No,1
ORD-10695,2025-05-25,North,Groceries,Online,Small Business,15,810.71,5,11552.62,-541.85,11,No,5
ORD-10696,2024-04-04,East,Apparel,Retail Store,Consumer,5,827.55,20,3310.2,-30.41,6,No,3
ORD-10697,2024-08-17,North,Electronics,Partner,Corporate,2,75.54,0,151.08,35.17,5,No,3
ORD-10698,2024-08-26,West,Groceries,Partner,Corporate,6,423.62,0,2541.72,761.31,3,No,5
ORD-10699,2025-02-06,East,Toys,Partner,Consumer,3,175.62,0,526.86,126.11,2,No,2
ORD-10700,2025-01-28,North,Furniture,Retail Store,Small Business,20,759.58,0,15191.6,5382.24,13,No,5
ORD-10701,2025-01-15,South,Groceries,Retail Store,Consumer,16,212.91,15,2895.58,815.24,6,No,3
ORD-10702,2025-08-09,North,Groceries,Online,Small Business,23,887.15,5,19384.23,6952.1,1,No,4
ORD-10703,2025-02-01,South,Groceries,Retail Store,Consumer,16,191.37,20,2449.54,379.14,4,No,3
ORD-10704,2024-01-01,South,Groceries,Partner,Corporate,10,600.73,20,4805.84,1541.87,10,No,1
ORD-10705,2024-10-18,South,Toys,Retail Store,Corporate,16,540.09,15,7345.22,671.98,2,No,2
ORD-10706,2024-07-16,East,Toys,Online,Corporate,5,159.8,15,679.15,200.76,3,No,2
ORD-10707,2024-09-14,East,Toys,Partner,Small Business,14,246.69,5,3280.98,878.64,9,No,2
ORD-10708,2024-01-14,South,Furniture,Retail Store,Corporate,11,210.34,20,1850.99,683.19,1,Yes,5
ORD-10709,2024-11-12,South,Groceries,Online,Corporate,1,464.03,0,464.03,-10.05,6,No,
ORD-10710,2025-06-04,West,Furniture,Retail Store,Corporate,14,228.82,10,2883.13,297.1,9,Yes,
ORD-10711,2024-12-17,South,Apparel,Retail Store,Corporate,20,713.19,10,12837.42,1088.46,3,No,2
ORD-10712,2025-09-14,North,Electronics,Online,Small Business,8,833.34,0,6666.72,1211.51,3,No,5
ORD-10713,2025-05-21,South,Groceries,Partner,Small Business,16,339.25,0,5428.0,191.67,9,No,1
ORD-10714,2024-02-16,North,Groceries,Retail Store,Consumer,2,81.54,0,163.08,28.79,3,No,
ORD-10715,2025-06-13,East,Toys,Online,Small Business,5,775.6,0,3878.0,1172.91,8,No,3
ORD-10716,2024-12-12,North,Apparel,Retail Store,Corporate,7,862.0,0,6034.0,121.55,9,No,
ORD-10717,2025-04-16,South,Furniture,Online,Consumer,20,689.3,0,13786.0,4298.2,12,No,2
ORD-10718,2025-01-05,North,Electronics,Retail Store,Small Business,14,98.31,10,1238.71,139.01,13,No,3
ORD-10719,2024-10-03,North,Groceries,Online,Corporate,10,734.43,20,5875.44,51.71,4,No,5
ORD-10720,2025-08-18,North,Apparel,Partner,Small Business,7,876.99,0,6138.93,2105.34,1,No,1
ORD-10721,2024-01-17,East,Toys,Retail Store,Consumer,16,397.49,10,5723.86,716.89,10,No,4
ORD-10722,2024-02-12,South,Groceries,Online,Consumer,5,417.87,0,2089.35,-138.01,11,No,5
ORD-10723,2025-08-20,North,Groceries,Retail Store,Corporate,5,440.62,0,2203.1,591.97,9,No,3
ORD-10724,2025-08-21,West,Electronics,Online,Consumer,13,627.39,5,7748.27,2392.39,7,No,4
ORD-10725,2025-03-06,West,Groceries,Partner,Corporate,9,81.08,0,729.72,149.54,14,No,4
ORD-10726,2025-06-08,North,Furniture,Retail Store,Consumer,17,197.6,0,3359.2,257.27,2,No,3
ORD-10727,2024-07-04,South,Electronics,Retail Store,Corporate,3,829.14,5,2363.05,697.77,11,No,1
ORD-10728,2025-07-22,North,Toys,Retail Store,Small Business,15,699.13,0,10486.95,3483.09,13,No,
ORD-10729,2024-08-03,East,Apparel,Partner,Small Business,4,109.99,15,373.97,115.84,9,No,4
ORD-10730,2024-05-31,West,Electronics,Partner,Corporate,21,245.7,0,5159.7,1064.4,3,No,3
ORD-10731,2025-03-07,East,Electronics,Partner,Corporate,14,219.94,10,2771.24,-17.45,5,No,2
ORD-10732,2025-09-15,North,Electronics,Retail Store,Corporate,15,20.15,15,256.91,37.11,10,No,2
ORD-10733,2024-02-07,North,Furniture,Partner,Corporate,19,18.74,20,284.85,101.15,11,No,
ORD-10734,2024-08-28,West,Furniture,Retail Store,Corporate,15,233.07,15,2971.64,-64.32,3,No,
ORD-10735,2024-12-23,South,Toys,Online,Corporate,23,645.08,5,14095.0,4029.96,2,Yes,3
ORD-10736,2025-08-16,North,Apparel,Retail Store,Corporate,25,556.85,0,13921.25,623.53,12,Yes,
ORD-10737,2025-08-24,East,Furniture,Online,Corporate,15,311.64,10,4207.14,950.69,14,No,5
ORD-10738,2025-06-14,North,Groceries,Online,Corporate,24,856.85,0,20564.4,2574.95,10,No,5
ORD-10739,2025-05-27,South,Groceries,Online,Corporate,2,405.9,0,811.8,152.54,3,No,2
ORD-10740,2024-09-17,South,Toys,Retail Store,Corporate,22,251.7,20,4429.92,1198.73,4,No,1
ORD-10741,2025-08-24,East,Furniture,Online,Corporate,15,122.87,0,1843.05,606.94,5,No,3
ORD-10742,2025-02-09,West,Furniture,Partner,Corporate,25,331.77,0,8294.25,67.62,9,No,5
ORD-10743,2024-07-30,East,Apparel,Partner,Corporate,9,744.2,0,6697.8,1181.63,10,No,1
ORD-10744,2024-06-30,North,Groceries,Partner,Small Business,22,694.03,0,15268.66,4485.66,3,No,2
ORD-10745,2024-04-03,West,Furniture,Retail Store,Small Business,4,741.46,10,2669.26,118.21,5,No,2
ORD-10746,2024-02-25,North,Toys,Online,Consumer,21,594.09,10,11228.3,2281.18,14,No,
ORD-10747,2025-08-22,East,Apparel,Retail Store,Consumer,7,221.72,10,1396.84,480.92,5,No,
ORD-10748,2025-02-11,South,Groceries,Partner,Small Business,18,270.89,0,4876.02,1342.62,6,No,2
ORD-10749,2024-10-06,North,Toys,Online,Small Business,3,214.51,20,514.82,57.11,10,No,5
ORD-10750,2025-03-22,East,Groceries,Online,Small Business,9,226.73,0,2040.57,728.66,2,No,1
ORD-10751,2024-02-01,South,Furniture,Partner,Small Business,12,464.86,5,5299.4,687.35,10,No,1
ORD-10752,2024-02-12,South,Groceries,Online,Small Business,3,21.52,0,64.56,-3.23,3,No,2
ORD-10753,2024-10-28,West,Electronics,Partner,Consumer,17,619.35,20,8423.16,1611.03,5,No,1
ORD-10754,2024-05-17,South,Apparel,Retail Store,Corporate,6,403.57,0,2421.42,-29.64,6,No,1
ORD-10755,2025-02-17,West,Groceries,Partner,Consumer,3,478.71,10,1292.52,391.16,9,No,5
ORD-10756,2025-08-09,South,Electronics,Retail Store,Corporate,19,233.57,0,4437.83,1562.22,1,No,
ORD-10757,2024-04-13,East,Furniture,Retail Store,Consumer,23,843.7,5,18434.85,-134.1,13,No,5
ORD-10758,2024-05-07,West,Groceries,Retail Store,Small Business,12,312.26,0,3747.12,1221.7,6,No,2
ORD-10759,2025-06-09,East,Electronics,Partner,Small Business,24,286.54,0,6876.96,1274.41,11,No,4
ORD-10760,2025-07-22,North,Toys,Retail Store,Small Business,12,407.22,0,4886.64,-183.97,4,No,3
ORD-10761,2024-02-10,South,Electronics,Retail Store,Small Business,17,258.2,10,3950.46,747.56,3,No,
ORD-10762,2024-05-22,North,Apparel,Online,Consumer,21,562.74,20,9454.03,309.06,12,No,1
ORD-10763,2025-01-21,West,Toys,Retail Store,Corporate,25,138.52,20,2770.4,-215.16,14,No,5
ORD-10764,2024-11-19,North,Groceries,Retail Store,Corporate,18,659.98,5,11285.66,4071.67,11,No,3
ORD-10765,2024-05-12,East,Toys,Partner,Consumer,20,725.36,10,13056.48,3602.59,12,Yes,3
ORD-10766,2025-07-19,West,Toys,Retail Store,Small Business,5,13.02,5,61.84,25.79,11,No,
ORD-10767,2024-05-06,East,Apparel,Online,Corporate,3,84.17,5,239.88,59.36,11,No,3
ORD-10768,2025-07-05,East,Toys,Retail Store,Small Business,15,524.15,10,7076.03,202.88,7,No,3
ORD-10769,2024-05-06,West,Toys,Partner,Consumer,12,642.48,10,6938.78,2771.09,4,No,1
ORD-10770,2024-12-15,North,Electronics,Partner,Corporate,13,249.93,0,3249.09,228.39,11,No,3
ORD-10771,2025-09-03,South,Groceries,Retail Store,Corporate,25,662.66,15,14081.52,2139.5,5,No,
ORD-10772,2024-04-09,North,Apparel,Partner,Corporate,20,293.81,15,4994.77,1767.67,4,No,2
ORD-10773,2025-09-17,East,Toys,Retail Store,Corporate,4,299.23,10,1077.23,235.74,2,No,2
ORD-10774,2024-12-03,North,Groceries,Retail Store,Small Business,5,162.38,0,811.9,334.1,6,No,4
ORD-10775,2024-04-16,East,Electronics,Retail Store,Corporate,12,198.03,5,2257.54,423.23,2,No,2
ORD-10776,2025-07-28,West,Groceries,Partner,Corporate,3,521.91,15,1330.87,499.34,13,No,2
ORD-10777,2025-03-02,North,Electronics,Partner,Consumer,10,232.85,0,2328.5,89.21,12,No,5
ORD-10778,2025-04-14,East,Electronics,Retail Store,Consumer,20,828.5,0,16570.0,-136.06,2,Yes,3
ORD-10779,2025-04-05,East,Furniture,Partner,Corporate,6,834.12,10,4504.25,1849.78,12,No,5
ORD-10780,2024-09-13,South,Apparel,Online,Consumer,20,505.23,20,8083.68,1546.3,14,No,
ORD-10781,2024-05-29,East,Apparel,Retail Store,Consumer,11,170.63,5,1783.08,-140.05,2,Yes,4
ORD-10782,2024-05-15,South,Furniture,Partner,Consumer,9,401.38,10,3251.18,1340.3,1,No,2
ORD-10783,2024-11-23,South,Electronics,Partner,Consumer,2,391.19,0,782.38,321.03,4,No,5
ORD-10784,2024-08-23,North,Electronics,Retail Store,Corporate,8,204.54,5,1554.5,121.14,8,No,3
ORD-10785,2025-04-27,South,Furniture,Partner,Consumer,11,345.48,5,3610.27,937.77,2,No,4
ORD-10786,2025-05-20,East,Electronics,Online,Consumer,3,672.88,15,1715.84,387.66,13,No,3
ORD-10787,2025-04-28,West,Apparel,Retail Store,Consumer,22,127.47,20,2243.47,863.4,5,No,
ORD-10788,2025-09-06,South,Toys,Online,Corporate,6,299.06,0,1794.36,475.83,14,No,4
ORD-10789,2025-05-21,South,Apparel,Online,Consumer,18,588.71,20,8477.42,786.38,6,No,
ORD-10790,2024-11-09,West,Electronics,Online,Corporate,16,166.32,5,2528.06,-112.09,1,No,3
ORD-10791,2024-07-11,South,Electronics,Retail Store,Corporate,17,845.92,0,14380.64,1188.89,4,No,5
ORD-10792,2025-09-26,North,Furniture,Online,Corporate,18,839.14,0,15104.52,4412.32,14,No,
ORD-10793,2024-02-07,North,Groceries,Online,Corporate,1,550.55,20,440.44,179.26,14,No,5
ORD-10794,2025-03-24,West,Groceries,Online,Small Business,1,826.55,15,702.57,-43.82,14,No,5
ORD-10795,2025-04-20,West,Groceries,Online,Corporate,19,244.05,20,3709.56,334.76,6,No,
ORD-10796,2024-03-15,North,Apparel,Partner,Corporate,1,474.22,20,379.38,123.19,13,No,
ORD-10797,2024-10-02,South,Electronics,Retail Store,Consumer,13,88.1,20,916.24,-18.16,6,No,
ORD-10798,2025-06-15,South,Apparel,Partner,Small Business,23,695.17,20,12791.13,4905.95,1,No,1
ORD-10799,2024-08-26,West,Furniture,Online,Corporate,6,295.52,0,1773.12,243.72,3,No,3
ORD-10800,2024-07-22,East,Groceries,Retail Store,Consumer,17,11.34,0,192.78,56.33,12,No,2
ORD-10801,2024-02-12,West,Groceries,Partner,Corporate,24,352.08,0,8449.92,-351.42,2,No,2
ORD-10802,2025-07-08,North,Electronics,Partner,Small Business,16,48.62,15,661.23,150.69,4,No,5
ORD-10803,2024-05-08,West,Toys,Retail Store,Consumer,17,208.55,10,3190.82,173.86,3,No,2
ORD-10804,2025-04-13,West,Furniture,Online,Corporate,15,241.44,10,3259.44,94.44,4,No,2
ORD-10805,2025-08-14,East,Toys,Partner,Consumer,19,712.41,10,12182.21,3495.1,9,Yes,1
ORD-10806,2024-03-16,South,Electronics,Online,Consumer,8,662.41,15,4504.39,752.57,1,No,2
ORD-10807,2025-01-09,East,Apparel,Partner,Consumer,7,437.89,20,2452.18,853.75,3,No,2
ORD-10808,2025-01-03,East,Groceries,Partner,Small Business,11,136.51,10,1351.45,224.95,1,No,1
ORD-10809,2024-03-23,West,Apparel,Online,Consumer,15,592.95,20,7115.4,2785.55,8,No,
ORD-10810,2024-01-06,South,Groceries,Partner,Small Business,6,558.33,15,2847.48,655.29,7,No,
ORD-10811,2024-01-17,North,Furniture,Online,Consumer,19,779.02,0,14801.38,2104.18,2,No,4
ORD-10812,2025-01-25,North,Groceries,Partner,Corporate,7,237.77,10,1497.95,55.17,7,No,
ORD-10813,2025-03-10,East,Toys,Online,Small Business,6,150.69,20,723.31,181.52,3,No,5
ORD-10814,2024-08-02,South,Apparel,Online,Consumer,18,857.72,0,15438.96,1781.03,8,No,5
ORD-10815,2024-11-22,North,Electronics,Online,Small Business,8,62.06,10,446.83,-14.76,10,No,
ORD-10816,2024-04-17,East,Groceries,Retail Store,Small Business,8,841.99,5,6399.12,753.81,7,No,4
ORD-10817,2024-06-15,East,Toys,Online,Consumer,23,721.9,0,16603.7,36.95,7,No,1
ORD-10818,2025-03-17,West,Apparel,Retail Store,Corporate,8,663.45,0,5307.6,1450.77,12,No,3
ORD-10819,2024-09-27,West,Apparel,Retail Store,Small Business,23,846.69,5,18500.18,-1240.56,8,No,4
ORD-10820,2024-11-11,North,Groceries,Online,Corporate,4,443.04,0,1772.16,251.62,6,No,4
ORD-10821,2024-10-10,West,Toys,Online,Small Business,11,352.7,0,3879.7,774.79,6,No,1
ORD-10822,2024-12-26,North,Groceries,Online,Consumer,11,669.53,5,6996.59,2819.98,6,No,3
ORD-10823,2024-12-04,North,Apparel,Partner,Small Business,5,869.29,5,4129.13,897.42,14,No,2
ORD-10824,2024-02-06,North,Furniture,Partner,Corporate,18,899.84,10,14577.41,1558.0,11,No,2
ORD-10825,2025-01-19,South,Toys,Online,Corporate,12,185.73,10,2005.88,111.26,8,Yes,4
ORD-10826,2024-04-28,West,Furniture,Partner,Small Business,16,717.23,0,11475.68,3171.35,13,No,
ORD-10827,2024-04-12,North,Groceries,Retail Store,Corporate,16,733.7,5,11152.24,545.38,3,No,1
ORD-10828,2024-02-21,West,Furniture,Partner,Consumer,23,787.79,10,16307.25,525.88,5,No,
ORD-10829,2024-04-20,South,Apparel,Partner,Small Business,9,651.74,15,4985.81,309.82,2,No,4
ORD-10830,2024-02-21,South,Groceries,Partner,Small Business,21,152.4,0,3200.4,1207.42,8,No,3
ORD-10831,2024-01-10,East,Furniture,Retail Store,Corporate,7,647.66,10,4080.26,1374.23,1,No,3
ORD-10832,2024-03-11,East,Furniture,Partner,Consumer,13,232.67,0,3024.71,-32.39,9,No,3
ORD-10833,2024-06-20,West,Electronics,Online,Consumer,11,413.39,10,4092.56,-13.86,7,No,4
ORD-10834,2025-05-09,South,Electronics,Online,Small Business,3,676.73,5,1928.68,691.89,4,No,
ORD-10835,2024-11-27,East,Electronics,Online,Small Business,21,73.12,5,1458.74,391.99,14,No,1
ORD-10836,2025-07-06,West,Toys,Retail Store,Consumer,4,429.03,15,1458.7,488.97,12,No,
ORD-10837,2025-02-13,North,Electronics,Retail Store,Corporate,11,51.88,0,570.68,-10.16,13,No,1
ORD-10838,2025-09-05,South,Apparel,Online,Small Business,4,196.85,15,669.29,-8.66,13,Yes,
ORD-10839,2024-01-11,South,Electronics,Online,Consumer,6,239.64,0,1437.84,454.99,4,No,4
ORD-10840,2024-01-07,North,Furniture,Online,Consumer,20,179.96,5,3419.24,107.02,11,No,
ORD-10841,2024-04-19,West,Groceries,Retail Store,Corporate,9,660.28,5,5645.39,2268.94,10,No,
ORD-10842,2025-08-02,West,Apparel,Partner,Corporate,2,334.82,5,636.16,263.12,11,No,1
ORD-10843,2024-02-23,South,Toys,Online,Small Business,11,526.52,0,5791.72,292.67,9,No,3
ORD-10844,2025-04-23,North,Electronics,Partner,Consumer,10,107.41,0,1074.1,120.89,14,No,1
ORD-10845,2024-12-30,East,Groceries,Online,Corporate,9,127.2,0,1144.8,-50.83,11,No,
ORD-10846,2024-01-27,East,Groceries,Online,Corporate,11,557.26,0,6129.86,628.29,13,No,5
ORD-10847,2025-04-16,East,Toys,Online,Corporate,4,109.76,10,395.14,94.82,10,No,3
ORD-10848,2025-07-21,East,Apparel,Online,Corporate,16,20.92,0,334.72,-17.82,8,No,
ORD-10849,2024-11-25,West,Groceries,Retail Store,Consumer,7,82.3,0,576.1,173.53,2,No,
ORD-10850,2025-01-17,North,Apparel,Online,Corporate,20,96.18,10,1731.24,252.5,14,No,4
ORD-10851,2024-05-30,South,Electronics,Online,Small Business,12,116.37,0,1396.44,474.67,14,No,
ORD-10852,2024-10-02,South,Apparel,Partner,Small Business,14,310.57,0,4347.98,432.85,2,No,4
ORD-10853,2025-09-24,South,Apparel,Retail Store,Consumer,4,549.41,0,2197.64,812.16,12,No,5
ORD-10854,2024-08-09,West,Furniture,Retail Store,Corporate,25,99.32,20,1986.4,822.62,6,Yes,1
ORD-10855,2025-07-06,East,Furniture,Partner,Consumer,16,488.71,0,7819.36,1173.29,5,No,2
ORD-10856,2025-07-06,East,Furniture,Partner,Corporate,6,146.27,5,833.74,-38.91,5,No,
ORD-10857,2024-09-30,South,Groceries,Retail Store,Consumer,4,81.8,5,310.84,130.46,10,No,3
ORD-10858,2024-07-31,West,Toys,Online,Small Business,19,168.79,15,2725.96,204.28,14,No,4
ORD-10859,2025-06-07,North,Apparel,Partner,Corporate,16,120.05,10,1728.72,192.45,5,No,
ORD-10860,2025-01-13,West,Furniture,Online,Small Business,16,770.36,0,12325.76,-10.37,12,No,2
ORD-10861,2024-10-28,East,Toys,Online,Corporate,25,761.54,0,19038.5,1993.16,9,No,4
ORD-10862,2024-09-29,North,Apparel,Online,Corporate,14,493.04,5,6557.43,-287.11,3,No,
ORD-10863,2025-05-24,East,Groceries,Online,Small Business,8,723.54,0,5788.32,2147.19,6,No,4
ORD-10864,2025-06-10,North,Furniture,Partner,Small Business,4,93.49,0,373.96,-7.08,8,No,2
ORD-10865,2024-10-09,South,Electronics,Online,Small Business,24,761.28,20,14616.58,5781.31,11,No,3
ORD-10866,2025-03-11,East,Groceries,Partner,Corporate,20,335.9,20,5374.4,137.98,13,No,5
ORD-10867,2025-08-18,East,Electronics,Partner,Corporate,16,72.87,15,991.03,414.78,1,No,4
ORD-10868,2024-07-31,South,Electronics,Online,Corporate,11,507.24,15,4742.69,1579.44,13,No,2
ORD-10869,2024-07-11,South,Toys,Retail Store,Consumer,15,742.82,20,8913.84,737.3,14,Yes,1
ORD-10870,2024-10-24,West,Apparel,Retail Store,Small Business,18,57.92,0,1042.56,-43.14,3,No,3
ORD-10871,2025-01-09,West,Electronics,Partner,Corporate,18,193.51,5,3309.02,817.09,12,No,1
ORD-10872,2024-07-29,West,Furniture,Retail Store,Consumer,17,458.49,20,6235.46,-314.65,3,Yes,
ORD-10873,2025-07-17,West,Furniture,Retail Store,Small Business,9,454.71,0,4092.39,528.53,7,No,2
ORD-10874,2024-03-03,East,Toys,Online,Small Business,7,634.85,20,3555.16,332.88,6,No,2
ORD-10875,2024-07-04,North,Groceries,Retail Store,Small Business,14,197.24,10,2485.22,412.38,11,Yes,2
ORD-10876,2024-10-25,West,Furniture,Retail Store,Consumer,15,527.55,0,7913.25,537.29,8,No,2
ORD-10877,2024-07-07,East,Toys,Online,Consumer,6,798.21,20,3831.41,1225.47,14,No,3
ORD-10878,2024-05-27,North,Toys,Partner,Corporate,25,229.92,20,4598.4,617.72,10,No,4
ORD-10879,2025-03-27,North,Electronics,Partner,Consumer,12,430.68,0,5168.16,-185.09,13,No,2
ORD-10880,2024-11-14,South,Groceries,Online,Consumer,17,891.78,0,15160.26,3994.92,9,No,2
ORD-10881,2025-04-11,South,Furniture,Retail Store,Corporate,14,26.96,0,377.44,86.02,10,No,3
ORD-10882,2024-05-21,West,Apparel,Retail Store,Consumer,19,135.44,10,2316.02,-44.14,14,No,4
ORD-10883,2025-08-19,North,Groceries,Online,Small Business,19,588.32,0,11178.08,-22.77,13,No,
ORD-10884,2024-03-22,South,Furniture,Retail Store,Consumer,16,840.9,20,10763.52,1896.98,4,No,1
ORD-10885,2024-08-10,West,Furniture,Retail Store,Consumer,2,462.27,15,785.86,139.21,6,No,5
ORD-10886,2025-07-24,North,Electronics,Retail Store,Small Business,14,624.38,10,7867.19,1650.56,6,No,2
ORD-10887,2024-07-10,South,Apparel,Partner,Consumer,20,53.32,15,906.44,-11.69,14,No,4
ORD-10888,2025-06-01,South,Electronics,Partner,Small Business,13,24.55,0,319.15,-7.56,9,No,3
ORD-10889,2025-06-18,West,Furniture,Online,Consumer,1,371.63,20,297.3,100.36,8,No,1
ORD-10890,2024-05-04,South,Apparel,Online,Small Business,3,529.76,5,1509.82,223.0,7,Yes,3
ORD-10891,2025-09-24,East,Electronics,Retail Store,Small Business,23,386.97,10,8010.28,-465.65,6,No,4
ORD-10892,2025-07-22,North,Toys,Online,Corporate,8,239.07,0,1912.56,354.7,1,No,3
ORD-10893,2025-09-28,West,Toys,Partner,Small Business,15,838.6,0,12579.0,2900.56,4,No,
ORD-10894,2024-09-03,South,Apparel,Online,Consumer,20,92.1,20,1473.6,532.06,4,No,1
ORD-10895,2025-01-18,North,Apparel,Partner,Corporate,20,28.05,0,561.0,84.72,7,No,5
ORD-10896,2024-04-24,West,Apparel,Retail Store,Corporate,21,686.22,10,12969.56,-404.29,2,No,4
ORD-10897,2025-09-07,South,Furniture,Retail Store,Consumer,12,675.53,20,6485.09,2264.24,3,No,2
ORD-10898,2025-09-17,East,Toys,Retail Store,Corporate,24,221.31,5,5045.87,-369.35,7,No,3
ORD-10899,2025-03-21,West,Apparel,Online,Consumer,12,772.52,15,7879.7,3161.1,5,No,2
ORD-10900,2024-06-18,South,Furniture,Online,Small Business,3,87.17,0,261.51,-2.15,11,No,4
ORD-10901,2024-11-27,South,Furniture,Partner,Consumer,22,279.21,5,5835.49,-137.79,9,No,5
ORD-10902,2025-09-05,South,Electronics,Partner,Small Business,18,403.59,10,6538.16,75.2,3,No,5
ORD-10903,2024-06-03,West,Electronics,Partner,Small Business,17,378.13,0,6428.21,2366.55,1,No,2
ORD-10904,2024-03-11,South,Toys,Online,Corporate,13,241.25,0,3136.25,1063.74,3,No,2
ORD-10905,2025-01-10,South,Toys,Online,Consumer,2,726.34,0,1452.68,389.84,1,No,1
ORD-10906,2024-09-27,East,Electronics,Online,Small Business,23,115.92,0,2666.16,414.77,6,No,5
ORD-10907,2024-04-24,North,Apparel,Online,Corporate,25,868.92,20,17378.4,6580.8,4,No,5
ORD-10908,2025-06-23,South,Furniture,Partner,Consumer,6,199.18,0,1195.08,103.98,1,No,
ORD-10909,2025-01-12,East,Toys,Partner,Corporate,12,83.26,20,799.3,188.69,4,Yes,3
ORD-10910,2025-08-29,North,Toys,Online,Small Business,9,130.42,0,1173.78,384.42,5,Yes,
ORD-10911,2024-12-02,North,Electronics,Partner,Consumer,16,465.41,10,6701.9,333.73,10,Yes,2
ORD-10912,2025-05-14,East,Furniture,Partner,Consumer,6,212.28,10,1146.31,329.79,5,No,4
ORD-10913,2024-01-09,West,Electronics,Partner,Corporate,23,469.43,5,10257.05,1785.49,9,No,3
ORD-10914,2024-03-15,East,Furniture,Partner,Consumer,16,796.69,0,12747.04,4462.78,1,No,2
ORD-10915,2024-09-11,West,Electronics,Retail Store,Small Business,18,619.51,5,10593.62,39.65,9,No,3
ORD-10916,2025-09-24,East,Apparel,Retail Store,Consumer,17,459.5,0,7811.5,2679.71,12,No,5
ORD-10917,2024-03-20,North,Toys,Retail Store,Corporate,21,517.96,15,9245.59,3743.16,4,No,3
ORD-10918,2024-03-03,South,Electronics,Online,Corporate,10,233.22,20,1865.76,595.94,13,No,1
ORD-10919,2024-09-20,East,Toys,Partner,Consumer,14,337.71,5,4491.54,-111.41,1,Yes,2
ORD-10920,2025-02-27,South,Electronics,Partner,Small Business,3,742.45,0,2227.35,175.96,9,No,5
ORD-10921,2024-02-12,East,Electronics,Online,Consumer,19,223.66,20,3399.63,1196.85,13,Yes,3
ORD-10922,2025-07-30,North,Furniture,Online,Small Business,5,87.47,5,415.48,-23.94,8,No,1
ORD-10923,2024-09-29,East,Furniture,Partner,Small Business,12,675.61,20,6485.86,2698.38,10,No,3
ORD-10924,2025-06-07,West,Toys,Retail Store,Small Business,9,266.99,0,2402.91,878.06,13,Yes,
ORD-10925,2024-07-05,North,Toys,Retail Store,Small Business,17,865.35,20,11768.76,1230.24,12,No,5
ORD-10926,2024-03-05,West,Electronics,Retail Store,Corporate,16,792.82,10,11416.61,-163.53,13,No,5
ORD-10927,2025-03-31,North,Groceries,Partner,Consumer,10,250.98,0,2509.8,953.14,3,Yes,2
ORD-10928,2024-01-17,West,Toys,Online,Consumer,11,893.31,0,9826.41,279.67,1,No,2
ORD-10929,2025-04-29,North,Toys,Partner,Corporate,22,687.37,20,12097.71,4616.48,3,No,5
ORD-10930,2024-04-15,South,Toys,Partner,Small Business,2,539.85,5,1025.71,71.72,14,No,
ORD-10931,2025-04-28,South,Electronics,Partner,Consumer,4,859.44,0,3437.76,730.51,7,No,1
ORD-10932,2024-10-29,West,Apparel,Partner,Small Business,8,362.84,0,2902.72,770.76,10,No,
ORD-10933,2024-12-10,West,Toys,Partner,Small Business,25,876.35,0,21908.75,4087.12,5,No,4
ORD-10934,2024-08-06,South,Apparel,Online,Small Business,1,355.3,15,302.0,52.59,10,Yes,4
ORD-10935,2024-03-03,North,Apparel,Partner,Consumer,17,861.06,5,13906.12,4339.58,11,No,
ORD-10936,2024-09-22,West,Apparel,Retail Store,Corporate,11,261.24,0,2873.64,1203.82,12,No,2
ORD-10937,2025-07-02,East,Toys,Retail Store,Small Business,11,147.86,15,1382.49,495.91,13,No,5
ORD-10938,2024-05-27,East,Apparel,Retail Store,Small Business,20,376.9,0,7538.0,958.26,7,No,2
ORD-10939,2024-06-29,East,Groceries,Retail Store,Consumer,5,11.18,0,55.9,14.12,8,No,5
ORD-10940,2025-02-24,East,Furniture,Retail Store,Consumer,8,289.82,0,2318.56,778.62,4,Yes,2
ORD-10941,2024-09-27,North,Furniture,Partner,Consumer,23,367.57,0,8454.11,-458.31,5,No,5
ORD-10942,2024-05-28,South,Toys,Partner,Small Business,19,581.78,20,8843.06,-10.27,4,No,
ORD-10943,2024-02-10,South,Toys,Online,Consumer,24,77.61,0,1862.64,117.1,2,No,5
ORD-10944,2024-05-23,North,Electronics,Online,Small Business,13,561.27,0,7296.51,463.02,6,Yes,
ORD-10945,2024-02-08,South,Electronics,Retail Store,Corporate,18,652.28,10,10566.94,2794.41,13,Yes,5
ORD-10946,2024-04-27,West,Furniture,Partner,Corporate,5,654.43,0,3272.15,-2.16,9,Yes,5
ORD-10947,2024-01-25,East,Furniture,Partner,Corporate,9,43.38,15,331.86,-25.01,14,No,2
ORD-10948,2025-06-15,West,Furniture,Retail Store,Consumer,21,378.39,15,6754.26,94.95,8,No,1
ORD-10949,2024-12-09,South,Apparel,Partner,Corporate,1,202.95,0,202.95,6.54,9,No,
ORD-10950,2025-06-12,West,Furniture,Online,Small Business,24,93.14,5,2123.59,477.04,11,No,2
ORD-10951,2024-04-25,East,Electronics,Partner,Consumer,19,168.57,20,2562.26,763.03,10,No,4
ORD-10952,2024-05-17,South,Furniture,Online,Corporate,19,516.84,0,9819.96,2677.36,12,No,4
ORD-10953,2024-09-17,North,Apparel,Retail Store,Consumer,25,277.32,5,6586.35,-483.28,11,No,4
ORD-10954,2024-03-16,North,Groceries,Partner,Small Business,14,652.03,0,9128.42,2899.61,2,No,4
ORD-10955,2024-12-16,South,Toys,Retail Store,Consumer,7,725.61,0,5079.27,1389.41,9,No,3
ORD-10956,2025-03-13,North,Electronics,Online,Consumer,3,379.69,0,1139.07,-25.94,5,No,4
ORD-10957,2024-11-27,South,Toys,Partner,Consumer,8,32.27,0,258.16,31.6,2,No,3
ORD-10958,2025-01-16,North,Electronics,Retail Store,Consumer,20,166.28,0,3325.6,133.85,9,No,2
ORD-10959,2024-01-26,East,Toys,Partner,Small Business,15,234.63,5,3343.48,365.47,10,No,
ORD-10960,2025-03-06,East,Furniture,Retail Store,Small Business,4,362.24,10,1304.06,-96.71,1,Yes,5
ORD-10961,2024-07-23,South,Furniture,Online,Corporate,20,211.71,10,3810.78,366.03,12,No,
ORD-10962,2024-04-03,North,Electronics,Partner,Corporate,12,854.36,10,9227.09,3145.88,1,No,1
ORD-10963,2024-11-30,West,Groceries,Partner,Small Business,5,13.86,0,69.3,18.27,3,No,2
ORD-10964,2024-08-09,West,Groceries,Retail Store,Corporate,6,738.66,20,3545.57,821.22,4,No,4
ORD-10965,2024-10-13,West,Furniture,Retail Store,Consumer,16,329.15,5,5003.08,-387.78,5,No,
ORD-10966,2025-02-14,South,Groceries,Partner,Corporate,9,381.0,10,3086.1,400.34,9,No,4
ORD-10967,2025-07-31,West,Groceries,Retail Store,Corporate,7,856.29,20,4795.22,1111.38,12,No,4
ORD-10968,2024-08-05,North,Furniture,Online,Corporate,19,415.91,0,7902.29,2191.5,14,No,2
ORD-10969,2024-03-02,South,Toys,Partner,Corporate,9,209.34,0,1884.06,721.01,1,No,5
ORD-10970,2025-08-19,North,Electronics,Partner,Corporate,16,684.15,0,10946.4,1351.02,8,No,1
ORD-10971,2024-12-14,East,Furniture,Retail Store,Consumer,8,716.1,5,5442.36,703.61,14,No,5
ORD-10972,2025-05-18,West,Electronics,Partner,Corporate,15,574.71,10,7758.59,-341.33,12,No,4
ORD-10973,2025-09-15,West,Furniture,Online,Corporate,20,789.8,0,15796.0,2505.38,3,No,2
ORD-10974,2024-11-19,South,Groceries,Online,Corporate,20,836.54,0,16730.8,4340.56,6,No,1
ORD-10975,2025-08-08,South,Furniture,Online,Consumer,2,686.02,5,1303.44,184.8,7,Yes,4
ORD-10976,2025-08-20,West,Furniture,Online,Consumer,4,260.65,0,1042.6,426.44,4,Yes,2
ORD-10977,2024-07-14,South,Groceries,Partner,Consumer,21,422.36,10,7982.6,617.44,11,No,
ORD-10978,2025-05-12,West,Electronics,Online,Consumer,5,557.99,0,2789.95,710.86,4,No,4
ORD-10979,2025-05-20,North,Groceries,Partner,Small Business,12,97.61,0,1171.32,452.93,11,Yes,4
ORD-10980,2025-09-13,South,Furniture,Online,Consumer,24,59.06,0,1417.44,287.75,5,No,3
ORD-10981,2024-05-07,East,Electronics,Retail Store,Corporate,18,105.63,5,1806.27,413.89,12,No,3
ORD-10982,2024-09-17,East,Apparel,Online,Corporate,23,391.72,0,9009.56,621.67,12,No,1
ORD-10983,2024-07-25,South,Electronics,Retail Store,Corporate,6,618.24,20,2967.55,1238.92,12,Yes,2
ORD-10984,2024-05-23,West,Apparel,Partner,Small Business,5,393.77,0,1968.85,-8.74,9,No,
ORD-10985,2024-03-02,West,Toys,Retail Store,Consumer,23,822.9,0,18926.7,-181.27,1,No,4
ORD-10986,2024-10-04,West,Toys,Online,Corporate,6,208.67,10,1126.82,-69.77,10,No,3
ORD-10987,2025-07-21,South,Toys,Partner,Corporate,11,486.88,20,4284.54,-93.35,14,No,2
ORD-10988,2024-10-01,North,Apparel,Partner,Consumer,23,680.98,5,14879.41,4631.73,1,No,4
ORD-10989,2025-08-04,East,Electronics,Retail Store,Corporate,23,774.95,10,16041.47,4183.98,1,No,1
ORD-10990,2025-06-22,East,Apparel,Retail Store,Corporate,13,755.55,0,9822.15,2244.63,8,No,2
ORD-10991,2024-08-23,North,Toys,Retail Store,Corporate,4,658.8,5,2503.44,596.66,14,No,2
ORD-10992,2024-07-29,South,Toys,Partner,Corporate,15,288.95,0,4334.25,1695.24,3,No,1
ORD-10993,2025-05-11,East,Furniture,Partner,Consumer,9,826.96,0,7442.64,2196.21,10,No,
ORD-10994,2025-03-03,East,Apparel,Partner,Consumer,18,684.37,5,11702.73,409.42,11,No,
ORD-10995,2025-05-22,West,Furniture,Retail Store,Consumer,15,530.91,15,6769.1,236.93,12,No,5
ORD-10996,2024-12-05,East,Electronics,Retail Store,Corporate,10,247.07,10,2223.63,-99.5,1,No,4
ORD-10997,2024-06-10,South,Apparel,Partner,Corporate,5,332.15,5,1577.71,536.43,10,No,4
ORD-10998,2024-03-14,West,Electronics,Online,Consumer,1,105.34,0,105.34,14.32,6,No,5
ORD-10999,2024-03-13,West,Apparel,Partner,Consumer,23,580.66,0,13355.18,4831.68,5,No,1
ORD-11000,2024-06-04,East,Electronics,Online,Consumer,25,777.58,15,16523.58,4765.25,13,No,2
ORD-11001,2024-01-03,East,Groceries,Retail Store,Small Business,24,88.9,15,1813.56,153.22,13,No,2
ORD-11002,2024-08-14,West,Furniture,Retail Store,Small Business,23,387.68,5,8470.81,-40.34,14,No,1
ORD-11003,2024-04-07,East,Apparel,Retail Store,Small Business,9,382.76,20,2755.87,923.26,3,Yes,4
ORD-11004,2025-02-01,East,Furniture,Online,Consumer,1,311.47,0,311.47,129.75,5,No,2
ORD-11005,2024-01-17,East,Groceries,Retail Store,Consumer,1,607.43,15,516.32,-1.16,10,Yes,3
ORD-11006,2025-07-29,West,Furniture,Partner,Small Business,14,447.48,5,5951.48,2185.13,8,No,4
ORD-11007,2024-08-03,North,Apparel,Partner,Small Business,22,607.94,5,12705.95,3924.05,7,No,3
ORD-11008,2025-09-11,North,Toys,Partner,Consumer,2,681.28,0,1362.56,570.67,12,No,5
ORD-11009,2024-02-15,South,Apparel,Partner,Consumer,14,558.73,0,7822.22,1748.82,8,No,2
ORD-11010,2025-05-16,South,Apparel,Partner,Consumer,14,882.6,15,10502.94,411.12,1,No,4
ORD-11011,2025-09-03,South,Toys,Retail Store,Corporate,21,667.07,0,14008.47,2980.99,12,No,2
ORD-11012,2024-08-23,North,Electronics,Partner,Consumer,10,806.58,10,7259.22,2433.64,11,No,3
ORD-11013,2025-02-03,South,Apparel,Retail Store,Corporate,15,655.41,20,7864.92,506.12,6,No,3
ORD-11014,2024-07-28,East,Electronics,Online,Corporate,6,890.42,20,4274.02,1588.38,13,No,2
ORD-11015,2024-05-07,South,Toys,Online,Corporate,21,453.07,15,8087.3,2199.44,5,No,
ORD-11016,2025-07-08,East,Electronics,Partner,Consumer,11,650.08,10,6435.79,1896.92,7,No,
ORD-11017,2025-08-22,West,Electronics,Online,Small Business,18,628.96,5,10755.22,4348.03,10,No,3
ORD-11018,2024-12-26,South,Furniture,Retail Store,Small Business,14,538.78,0,7542.92,2370.04,14,No,3
ORD-11019,2024-08-07,North,Groceries,Retail Store,Corporate,7,229.91,0,1609.37,126.34,14,No,1
ORD-11020,2025-04-08,East,Groceries,Retail Store,Small Business,3,338.87,15,864.12,162.01,5,No,3
ORD-11021,2025-08-16,North,Apparel,Retail Store,Small Business,24,98.95,20,1899.84,166.74,5,No,5
ORD-11022,2024-04-10,North,Furniture,Retail Store,Consumer,13,371.52,0,4829.76,1810.26,13,No,3
ORD-11023,2025-08-21,West,Groceries,Retail Store,Corporate,17,456.89,5,7378.77,1487.61,9,No,2
ORD-11024,2024-12-10,East,Apparel,Partner,Consumer,13,811.78,0,10553.14,2581.75,4,No,
ORD-11025,2025-08-15,West,Toys,Partner,Consumer,25,222.99,10,5017.28,199.26,11,No,1
ORD-11026,2025-05-09,East,Furniture,Retail Store,Corporate,18,276.26,0,4972.68,1395.87,12,No,5
ORD-11027,2025-05-16,East,Electronics,Partner,Corporate,25,357.94,0,8948.5,1875.59,4,Yes,5
ORD-11028,2025-06-10,West,Apparel,Retail Store,Corporate,24,451.51,0,10836.24,2371.78,1,Yes,1
ORD-11029,2025-05-20,North,Groceries,Online,Small Business,3,853.64,20,2048.74,-62.42,11,No,3
ORD-11030,2025-02-25,North,Electronics,Retail Store,Small Business,20,292.61,10,5266.98,-153.73,11,No,3
ORD-11031,2025-05-31,North,Electronics,Online,Consumer,18,605.12,20,8713.73,1255.0,3,No,
ORD-11032,2025-07-23,North,Toys,Online,Corporate,24,108.2,0,2596.8,985.85,11,No,3
ORD-11033,2024-08-12,East,Electronics,Retail Store,Corporate,4,126.98,0,507.92,77.35,1,No,2
ORD-11034,2025-01-09,West,Electronics,Online,Corporate,2,9.2,20,14.72,4.76,2,Yes,4
ORD-11035,2024-11-27,South,Toys,Partner,Small Business,3,832.54,0,2497.62,403.35,3,No,5
ORD-11036,2025-07-20,North,Electronics,Partner,Corporate,11,764.92,5,7993.41,2752.5,7,No,2
ORD-11037,2024-04-11,South,Electronics,Retail Store,Consumer,9,187.71,0,1689.39,162.54,4,Yes,
ORD-11038,2025-03-20,East,Toys,Online,Corporate,4,670.69,0,2682.76,1021.67,9,No,4
ORD-11039,2024-02-18,North,Groceries,Retail Store,Corporate,3,620.3,0,1860.9,627.27,7,No,2
ORD-11040,2025-07-25,North,Groceries,Partner,Corporate,4,837.83,5,3183.75,788.12,1,Yes,3
ORD-11041,2024-06-28,North,Furniture,Retail Store,Corporate,4,361.53,0,1446.12,184.59,13,Yes,3
ORD-11042,2024-01-22,East,Furniture,Partner,Corporate,14,832.4,10,10488.24,-597.76,11,No,5
ORD-11043,2024-02-09,South,Furniture,Partner,Small Business,21,832.12,0,17474.52,4424.75,2,No,1
ORD-11044,2024-04-03,West,Groceries,Online,Corporate,20,254.66,5,4838.54,1544.62,14,Yes,3
ORD-11045,2025-08-05,North,Groceries,Online,Consumer,7,675.75,10,4257.23,1044.58,2,No,5
ORD-11046,2024-12-21,North,Furniture,Retail Store,Small Business,13,16.46,5,203.28,38.22,11,No,
ORD-11047,2025-08-01,East,Electronics,Online,Corporate,24,109.88,15,2241.55,590.11,3,No,5
ORD-11048,2024-10-21,North,Apparel,Partner,Corporate,22,742.89,5,15526.4,1933.39,3,No,
ORD-11049,2024-06-19,North,Apparel,Retail Store,Small Business,5,496.65,10,2234.93,-135.02,7,Yes,
ORD-11050,2024-05-31,West,Toys,Partner,Consumer,21,180.29,20,3028.87,696.27,7,No,5
ORD-11051,2024-09-06,West,Groceries,Partner,Small Business,13,791.87,0,10294.31,3820.16,1,No,4
ORD-11052,2025-04-10,West,Groceries,Online,Corporate,13,409.13,0,5318.69,1594.7,4,No,1
ORD-11053,2024-03-19,South,Groceries,Retail Store,Small Business,11,316.06,20,2781.33,566.54,1,No,1
ORD-11054,2025-05-14,North,Furniture,Retail Store,Corporate,13,809.8,0,10527.4,144.03,9,No,2
ORD-11055,2024-05-01,East,Electronics,Retail Store,Small Business,11,70.46,5,736.31,-24.29,8,No,1
ORD-11056,2024-05-28,North,Groceries,Retail Store,Small Business,20,827.75,15,14071.75,3003.63,2,No,
ORD-11057,2025-09-04,West,Apparel,Retail Store,Consumer,11,381.82,10,3780.02,1139.26,12,No,4
ORD-11058,2024-06-11,South,Toys,Retail Store,Small Business,2,223.82,15,380.49,141.37,6,No,4
ORD-11059,2024-03-29,East,Groceries,Retail Store,Consumer,9,415.11,10,3362.39,1242.25,4,No,4
ORD-11060,2024-05-28,West,Furniture,Retail Store,Small Business,6,265.28,0,1591.68,507.49,9,No,5
ORD-11061,2024-03-28,South,Apparel,Partner,Corporate,11,847.17,20,7455.1,-91.28,10,No,3
ORD-11062,2024-12-18,West,Apparel,Retail Store,Corporate,3,868.57,0,2605.71,785.13,5,No,4
ORD-11063,2025-07-04,North,Groceries,Partner,Consumer,4,231.17,10,832.21,102.77,7,No,3
ORD-11064,2025-03-31,North,Apparel,Online,Corporate,4,643.81,10,2317.72,905.35,4,No,
ORD-11065,2025-02-18,West,Electronics,Online,Small Business,8,736.9,0,5895.2,2426.21,3,No,4
ORD-11066,2024-10-21,West,Furniture,Online,Corporate,25,697.6,5,16568.0,3554.84,3,No,5
ORD-11067,2024-12-29,West,Apparel,Retail Store,Small Business,17,642.37,20,8736.23,2393.01,3,No,1
ORD-11068,2024-12-23,West,Toys,Partner,Consumer,2,212.38,5,403.52,41.24,3,Yes,1
ORD-11069,2024-03-08,South,Groceries,Retail Store,Small Business,8,90.02,10,648.14,13.54,12,No,
ORD-11070,2024-11-18,East,Furniture,Retail Store,Corporate,3,791.15,10,2136.11,174.99,12,Yes,4
ORD-11071,2024-09-01,West,Groceries,Partner,Corporate,6,362.3,15,1847.73,-46.64,11,Yes,2
ORD-11072,2025-05-01,East,Electronics,Partner,Small Business,10,445.52,5,4232.44,507.1,8,No,3
ORD-11073,2024-03-07,West,Groceries,Retail Store,Corporate,6,234.46,15,1195.75,169.89,1,No,
ORD-11074,2025-02-18,North,Apparel,Retail Store,Corporate,10,794.14,20,6353.12,1294.61,8,No,
ORD-11075,2024-06-06,West,Furniture,Partner,Corporate,4,524.39,0,2097.56,720.67,8,No,3
ORD-11076,2024-03-23,North,Electronics,Retail Store,Consumer,14,100.18,0,1402.52,143.38,8,No,
ORD-11077,2024-04-15,East,Toys,Online,Corporate,3,563.7,0,1691.1,182.44,12,No,3
ORD-11078,2024-09-30,East,Electronics,Retail Store,Corporate,7,325.24,20,1821.34,520.61,2,No,5
ORD-11079,2024-05-10,East,Electronics,Retail Store,Consumer,7,378.38,20,2118.93,392.1,6,No,4
ORD-11080,2025-02-23,West,Apparel,Retail Store,Consumer,12,313.03,10,3380.72,518.19,6,No,5
ORD-11081,2025-01-11,East,Furniture,Partner,Consumer,14,490.38,0,6865.32,1396.12,6,No,4
ORD-11082,2024-03-30,South,Furniture,Online,Consumer,8,511.99,10,3686.33,1238.19,11,No,5
ORD-11083,2024-02-16,East,Groceries,Retail Store,Small Business,14,687.9,10,8667.54,2653.92,11,No,5
ORD-11084,2024-02-19,West,Apparel,Partner,Small Business,11,860.05,5,8987.52,623.2,6,No,2
ORD-11085,2025-08-31,West,Apparel,Retail Store,Corporate,14,724.28,0,10139.92,1381.69,10,No,2
ORD-11086,2025-09-13,North,Apparel,Retail Store,Corporate,14,7.03,0,98.42,15.18,8,No,
ORD-11087,2024-04-15,West,Electronics,Retail Store,Small Business,16,806.69,0,12907.04,2021.42,10,No,1
ORD-11088,2024-11-01,North,Furniture,Retail Store,Corporate,14,88.78,0,1242.92,45.19,14,No,5
ORD-11089,2024-10-14,North,Groceries,Partner,Small Business,24,425.3,0,10207.2,-542.01,8,No,4
ORD-11090,2025-06-13,North,Apparel,Retail Store,Corporate,4,741.24,10,2668.46,448.11,8,No,1
ORD-11091,2024-03-26,West,Apparel,Retail Store,Corporate,21,31.7,0,665.7,-9.63,9,No,5
ORD-11092,2025-07-01,South,Apparel,Online,Small Business,11,138.39,20,1217.83,-71.57,5,Yes,5
ORD-11093,2024-04-24,South,Toys,Partner,Small Business,2,674.43,20,1079.09,117.86,12,No,5
ORD-11094,2024-08-21,South,Apparel,Partner,Corporate,15,109.08,0,1636.2,140.86,4,No,2
ORD-11095,2024-05-06,North,Toys,Online,Small Business,15,220.38,5,3140.41,885.98,12,No,
ORD-11096,2024-05-17,North,Furniture,Online,Small Business,2,114.32,15,194.34,10.4,7,No,3
ORD-11097,2025-06-03,North,Furniture,Retail Store,Corporate,10,510.71,5,4851.74,1841.66,7,No,1
ORD-11098,2024-11-04,West,Toys,Online,Corporate,14,466.76,15,5554.44,1764.52,13,No,2
ORD-11099,2025-03-20,South,Furniture,Retail Store,Small Business,7,259.08,20,1450.85,557.79,9,No,2
ORD-11100,2025-04-25,East,Furniture,Online,Corporate,11,741.79,0,8159.69,-547.73,8,No,5
ORD-11101,2025-07-14,West,Toys,Online,Consumer,8,616.07,0,4928.56,1887.65,7,No,2
ORD-11102,2024-07-08,North,Toys,Partner,Corporate,15,806.95,15,10288.61,548.37,3,No,3
ORD-11103,2025-06-13,West,Apparel,Online,Corporate,25,790.45,0,19761.25,3577.0,1,No,5
ORD-11104,2024-12-08,West,Furniture,Partner,Small Business,21,324.92,0,6823.32,1409.52,12,No,1
ORD-11105,2024-05-31,North,Groceries,Retail Store,Corporate,12,405.02,15,4131.2,753.45,8,No,5
ORD-11106,2024-01-22,North,Electronics,Partner,Corporate,18,117.45,15,1796.98,312.73,6,No,3
ORD-11107,2025-03-06,South,Groceries,Retail Store,Small Business,17,393.4,20,5350.24,1498.29,1,Yes,2
ORD-11108,2025-06-09,South,Groceries,Retail Store,Corporate,24,485.9,10,10495.44,4068.95,14,No,5
ORD-11109,2025-07-26,South,Toys,Online,Corporate,4,654.46,15,2225.16,552.38,14,No,2
ORD-11110,2025-09-01,South,Toys,Partner,Small Business,25,682.32,0,17058.0,717.91,5,No,1
ORD-11111,2025-06-02,East,Furniture,Retail Store,Consumer,14,67.81,0,949.34,286.17,12,No,5
ORD-11112,2025-08-26,East,Furniture,Online,Small Business,5,387.03,0,1935.15,76.74,1,No,4
ORD-11113,2024-06-11,South,Toys,Partner,Corporate,22,436.15,0,9595.3,-269.04,14,No,5
ORD-11114,2024-08-11,East,Groceries,Retail Store,Consumer,14,100.71,0,1409.94,261.77,3,No,3
ORD-11115,2024-05-27,North,Groceries,Retail Store,Small Business,8,30.43,15,206.92,5.49,12,No,2
ORD-11116,2025-02-13,North,Apparel,Retail Store,Corporate,16,195.59,0,3129.44,946.17,7,No,3
ORD-11117,2025-07-08,East,Furniture,Retail Store,Consumer,5,68.25,20,273.0,4.47,4,No,3
ORD-11118,2025-07-12,South,Toys,Partner,Small Business,12,207.82,0,2493.84,361.98,1,No,5
ORD-11119,2024-06-23,West,Furniture,Retail Store,Consumer,22,721.21,20,12693.3,285.83,3,No,5
ORD-11120,2025-04-13,East,Groceries,Retail Store,Consumer,1,508.67,0,508.67,-10.23,7,No,5
ORD-11121,2024-06-05,South,Electronics,Partner,Corporate,5,314.41,0,1572.05,485.49,1,No,5
ORD-11122,2025-07-15,North,Apparel,Online,Corporate,14,668.86,0,9364.04,2239.98,4,No,2
ORD-11123,2024-03-02,East,Furniture,Retail Store,Consumer,14,165.19,20,1850.13,314.73,9,No,5
ORD-11124,2025-07-17,East,Electronics,Online,Consumer,7,377.88,20,2116.13,662.37,14,No,3
ORD-11125,2024-05-13,North,Apparel,Online,Small Business,19,634.3,15,10243.94,2595.69,7,No,3
ORD-11126,2024-09-10,South,Apparel,Retail Store,Small Business,3,319.77,10,863.38,-51.82,11,No,
ORD-11127,2025-07-08,South,Electronics,Partner,Small Business,4,344.89,20,1103.65,185.3,11,No,2
ORD-11128,2025-09-14,West,Apparel,Retail Store,Small Business,4,109.96,10,395.86,28.65,13,No,4
ORD-11129,2025-05-07,East,Electronics,Retail Store,Small Business,23,834.64,5,18236.88,-1288.52,7,No,4
ORD-11130,2025-02-28,South,Furniture,Partner,Consumer,17,27.6,15,398.82,80.97,3,No,4
ORD-11131,2025-07-06,South,Furniture,Partner,Small Business,14,55.57,0,777.98,85.3,3,No,5
ORD-11132,2024-02-17,West,Groceries,Partner,Corporate,18,709.21,15,10850.91,4238.7,6,No,4
ORD-11133,2025-08-25,East,Toys,Retail Store,Corporate,12,259.36,5,2956.7,-191.49,8,Yes,5
ORD-11134,2024-01-16,East,Groceries,Partner,Small Business,21,110.29,10,2084.48,-110.75,12,No,
ORD-11135,2024-02-16,South,Groceries,Partner,Corporate,9,781.78,0,7036.02,1108.01,2,No,3
ORD-11136,2024-04-03,West,Electronics,Partner,Small Business,2,820.33,15,1394.56,525.53,6,No,4
ORD-11137,2024-04-29,West,Groceries,Retail Store,Small Business,5,695.58,0,3477.9,317.6,7,No,3
ORD-11138,2024-10-03,East,Furniture,Retail Store,Consumer,12,250.59,20,2405.66,885.62,13,No,4
ORD-11139,2025-03-19,West,Groceries,Retail Store,Consumer,11,6.31,0,69.41,4.17,8,No,2
ORD-11140,2024-10-26,South,Groceries,Online,Corporate,10,638.51,0,6385.1,1738.22,10,No,2
ORD-11141,2024-08-08,North,Groceries,Online,Small Business,18,7.8,0,140.4,18.21,4,No,2
ORD-11142,2025-09-25,West,Electronics,Online,Consumer,18,427.9,5,7317.09,2824.34,8,No,
ORD-11143,2025-07-10,South,Furniture,Partner,Consumer,14,682.49,0,9554.86,756.29,9,No,2
ORD-11144,2024-12-06,North,Electronics,Partner,Consumer,13,715.11,15,7901.97,1736.91,14,No,2
ORD-11145,2025-06-30,West,Toys,Retail Store,Small Business,13,857.48,10,10032.52,795.1,6,No,3
ORD-11146,2024-07-14,East,Apparel,Online,Small Business,3,645.93,0,1937.79,-58.26,9,No,1
ORD-11147,2024-12-03,West,Groceries,Retail Store,Small Business,9,271.31,0,2441.79,1001.8,10,No,
ORD-11148,2025-07-14,East,Apparel,Online,Consumer,22,472.77,10,9360.85,2507.12,3,No,
ORD-11149,2024-10-18,North,Electronics,Online,Small Business,2,493.23,0,986.46,143.9,10,No,3
ORD-11150,2024-11-08,East,Toys,Online,Small Business,4,795.7,20,2546.24,289.65,4,No,
ORD-11151,2025-04-03,North,Electronics,Retail Store,Corporate,25,230.01,5,5462.74,745.25,11,Yes,1
ORD-11152,2025-05-09,East,Groceries,Online,Small Business,25,80.62,0,2015.5,109.92,10,No,1
ORD-11153,2024-04-11,West,Furniture,Retail Store,Small Business,9,313.41,20,2256.55,-99.25,1,Yes,1
ORD-11154,2025-09-23,North,Toys,Retail Store,Corporate,2,728.14,10,1310.65,-88.69,10,No,2
ORD-11155,2025-05-12,East,Apparel,Retail Store,Small Business,7,307.56,15,1829.98,703.76,9,No,4
ORD-11156,2025-05-05,South,Groceries,Retail Store,Corporate,16,896.97,20,11481.22,1919.65,14,No,4
ORD-11157,2024-11-07,South,Groceries,Retail Store,Consumer,6,582.49,5,3320.19,159.4,8,No,4
ORD-11158,2024-03-31,South,Electronics,Online,Consumer,22,710.32,20,12501.63,-761.14,8,No,5
ORD-11159,2025-05-29,North,Apparel,Online,Consumer,1,532.07,10,478.86,154.59,10,No,5
ORD-11160,2025-08-07,West,Apparel,Retail Store,Consumer,23,237.4,0,5460.2,469.56,4,Yes,3
ORD-11161,2024-01-06,South,Apparel,Online,Consumer,8,799.07,5,6072.93,135.58,9,Yes,1
ORD-11162,2024-03-29,East,Apparel,Online,Consumer,10,735.2,5,6984.4,2660.46,9,No,2
ORD-11163,2024-07-07,North,Electronics,Online,Corporate,8,516.2,20,3303.68,123.21,12,No,4
ORD-11164,2024-08-10,East,Groceries,Retail Store,Corporate,3,147.5,0,442.5,117.69,3,No,5
ORD-11165,2024-05-04,North,Furniture,Retail Store,Corporate,24,814.81,20,15644.35,5450.9,4,No,3
ORD-11166,2024-12-25,West,Apparel,Online,Corporate,17,817.87,5,13208.6,4208.65,5,No,2
ORD-11167,2024-06-17,North,Furniture,Partner,Corporate,9,699.75,0,6297.75,2637.44,14,No,4
ORD-11168,2024-06-24,East,Apparel,Online,Corporate,16,470.75,0,7532.0,-102.72,11,No,1
ORD-11169,2024-06-16,North,Furniture,Online,Small Business,14,787.74,20,8822.69,154.75,8,No,
ORD-11170,2024-08-21,South,Apparel,Retail Store,Small Business,24,532.29,0,12774.96,3001.99,9,No,2
ORD-11171,2025-08-07,North,Furniture,Online,Small Business,17,818.38,0,13912.46,1804.81,5,No,4
ORD-11172,2024-05-09,North,Apparel,Online,Corporate,23,290.87,0,6690.01,2593.21,10,Yes,5
ORD-11173,2024-04-10,East,Toys,Online,Corporate,3,676.21,0,2028.63,276.74,12,No,5
ORD-11174,2025-01-01,North,Groceries,Retail Store,Small Business,14,668.29,0,9356.06,569.75,8,Yes,4
ORD-11175,2025-04-20,East,Apparel,Online,Corporate,19,888.08,20,13498.82,3951.47,9,No,2
ORD-11176,2025-06-26,South,Toys,Online,Small Business,13,358.49,15,3961.31,238.73,11,No,
ORD-11177,2024-12-05,West,Apparel,Online,Corporate,1,357.91,0,357.91,-11.69,6,No,3
ORD-11178,2025-09-02,West,Furniture,Retail Store,Consumer,8,122.74,10,883.73,329.68,10,No,2
ORD-11179,2024-05-04,West,Apparel,Partner,Consumer,5,96.31,20,385.24,91.27,14,No,3
ORD-11180,2025-09-03,West,Apparel,Online,Corporate,21,349.13,0,7331.73,1944.53,5,No,
ORD-11181,2025-09-12,West,Apparel,Partner,Corporate,22,410.32,5,8575.69,2141.58,7,Yes,2
ORD-11182,2025-04-14,West,Apparel,Retail Store,Consumer,8,206.63,0,1653.04,397.07,2,No,
ORD-11183,2024-06-26,North,Toys,Partner,Corporate,20,455.49,0,9109.8,766.28,10,No,3
ORD-11184,2024-08-04,West,Toys,Retail Store,Corporate,11,727.16,0,7998.76,1056.46,11,No,4
ORD-11185,2024-12-03,West,Groceries,Retail Store,Small Business,24,418.09,10,9030.74,1294.33,1,No,3
ORD-11186,2024-10-28,West,Toys,Retail Store,Small Business,6,75.55,15,385.3,87.79,13,No,1
ORD-11187,2024-01-09,West,Toys,Retail Store,Corporate,23,487.42,0,11210.66,478.28,2,No,
ORD-11188,2024-10-12,South,Apparel,Partner,Small Business,19,394.85,0,7502.15,1748.21,5,No,3
ORD-11189,2024-09-25,North,Groceries,Partner,Small Business,4,296.55,0,1186.2,9.23,12,No,
ORD-11190,2025-06-02,South,Electronics,Retail Store,Small Business,4,781.76,10,2814.34,1142.77,13,No,1
ORD-11191,2024-05-21,East,Electronics,Online,Corporate,13,85.18,10,996.61,71.12,5,No,2
ORD-11192,2024-10-28,South,Apparel,Partner,Small Business,21,506.74,20,8513.23,2891.55,6,No,1
ORD-11193,2024-02-01,North,Electronics,Online,Corporate,13,576.77,0,7498.01,686.17,10,No,1
ORD-11194,2024-03-30,North,Electronics,Partner,Corporate,16,890.9,15,12116.24,3801.75,4,No,1
ORD-11195,2025-08-13,South,Toys,Retail Store,Consumer,13,21.52,0,279.76,18.07,8,No,5
ORD-11196,2025-04-05,North,Apparel,Retail Store,Small Business,10,601.15,0,6011.5,1424.92,3,No,4
ORD-11197,2024-07-09,North,Groceries,Retail Store,Small Business,2,156.68,0,313.36,65.63,11,No,2
ORD-11198,2025-06-11,North,Groceries,Partner,Consumer,11,190.56,5,1991.35,640.11,14,No,3
ORD-11199,2025-07-21,East,Groceries,Partner,Consumer,7,467.98,0,3275.86,1014.34,14,No,
ORD-11200,2025-04-11,West,Toys,Online,Small Business,14,319.52,0,4473.28,1313.68,6,No,4
,,,,,,,,,,,,,
ORD-10006,2025-04-09,South,Groceries,Online,Small Business,10,227.34,0,2273.4,159.42,8,No,5
